-- phpMyAdmin SQL Dump
-- version 4.3.11
-- http://www.phpmyadmin.net
--
-- Host: 127.0.0.1
-- Generation Time: May 07, 2016 at 06:46 PM
-- Server version: 5.6.24
-- PHP Version: 5.6.8

SET SQL_MODE = "NO_AUTO_VALUE_ON_ZERO";
SET time_zone = "+00:00";


/*!40101 SET @OLD_CHARACTER_SET_CLIENT=@@CHARACTER_SET_CLIENT */;
/*!40101 SET @OLD_CHARACTER_SET_RESULTS=@@CHARACTER_SET_RESULTS */;
/*!40101 SET @OLD_COLLATION_CONNECTION=@@COLLATION_CONNECTION */;
/*!40101 SET NAMES utf8 */;

--
-- Database: `homegame`
--
CREATE DATABASE IF NOT EXISTS `homegame` DEFAULT CHARACTER SET latin1 COLLATE latin1_swedish_ci;
USE `homegame`;

-- --------------------------------------------------------

--
-- Table structure for table `blindincrement`
--

CREATE TABLE `blindincrement` (
  `BlindIncrementID` int(11) NOT NULL,
  `Length` int(11) NOT NULL,
  `Status` int(11) NOT NULL DEFAULT '1',
  `StatusTableID` int(11) NOT NULL DEFAULT '1',
  `StatusDate` date NOT NULL
) ENGINE=InnoDB AUTO_INCREMENT=8 DEFAULT CHARSET=latin1;

--
-- Dumping data for table `blindincrement`
--

INSERT INTO `blindincrement` (`BlindIncrementID`, `Length`, `Status`, `StatusTableID`, `StatusDate`) VALUES
(1, 10, 1, 1, '2015-04-06'),
(2, 15, 1, 1, '2015-04-06'),
(3, 20, 1, 1, '2015-04-06'),
(4, 25, 1, 1, '2015-04-06'),
(5, 30, 1, 1, '2015-04-06'),
(6, 45, 1, 1, '2015-04-06'),
(7, 60, 1, 1, '2015-04-06');

-- --------------------------------------------------------

--
-- Table structure for table `blinds`
--

CREATE TABLE `blinds` (
  `BlindID` int(11) NOT NULL,
  `SmallBlind` bigint(20) NOT NULL,
  `LargeBlind` bigint(20) NOT NULL,
  `ChipUpID` int(11) DEFAULT NULL,
  `EndOfRebuy` tinyint(1) NOT NULL,
  `Status` int(11) NOT NULL DEFAULT '1',
  `StatusTableID` int(11) NOT NULL,
  `StatusDate` date NOT NULL
) ENGINE=InnoDB AUTO_INCREMENT=16 DEFAULT CHARSET=latin1;

--
-- Dumping data for table `blinds`
--

INSERT INTO `blinds` (`BlindID`, `SmallBlind`, `LargeBlind`, `ChipUpID`, `EndOfRebuy`, `Status`, `StatusTableID`, `StatusDate`) VALUES
(1, 100, 200, NULL, 0, 1, 1, '2015-04-06'),
(2, 200, 400, NULL, 0, 1, 1, '2015-04-06'),
(3, 300, 600, NULL, 0, 1, 1, '2015-04-06'),
(4, 400, 800, 1, 0, 1, 1, '2015-04-06'),
(5, 500, 1000, NULL, 0, 1, 1, '2015-04-06'),
(6, 1000, 2000, NULL, 0, 1, 1, '2015-04-06'),
(7, 1500, 3000, 2, 1, 1, 1, '2015-04-06'),
(8, 2000, 4000, NULL, 0, 1, 1, '2015-04-06'),
(9, 3000, 6000, NULL, 0, 1, 1, '2015-04-06'),
(10, 4000, 8000, 3, 0, 1, 1, '2015-04-06'),
(11, 5000, 10000, NULL, 0, 1, 1, '2015-04-06'),
(12, 10000, 20000, NULL, 0, 1, 0, '2015-09-26'),
(14, 15000, 30000, NULL, 0, 1, 0, '2015-09-26'),
(15, 20000, 40000, NULL, 0, 1, 0, '2015-09-26');

-- --------------------------------------------------------

--
-- Table structure for table `buyins`
--

CREATE TABLE `buyins` (
  `BuyinID` int(11) NOT NULL,
  `Amount` int(11) NOT NULL,
  `Bounty` int(11) DEFAULT NULL,
  `Code` varchar(20) NOT NULL,
  `Status` int(11) NOT NULL DEFAULT '1',
  `StatusTable` int(11) NOT NULL DEFAULT '1',
  `StatusDate` date NOT NULL
) ENGINE=InnoDB AUTO_INCREMENT=5 DEFAULT CHARSET=latin1;

--
-- Dumping data for table `buyins`
--

INSERT INTO `buyins` (`BuyinID`, `Amount`, `Bounty`, `Code`, `Status`, `StatusTable`, `StatusDate`) VALUES
(1, 5, NULL, '5', 1, 1, '2015-04-06'),
(2, 10, NULL, '10', 1, 1, '2015-04-06'),
(3, 15, NULL, '15', 1, 1, '2015-04-06'),
(4, 20, NULL, '20', 1, 1, '2015-04-06');

-- --------------------------------------------------------

--
-- Table structure for table `chips`
--

CREATE TABLE `chips` (
  `ChipID` int(11) NOT NULL,
  `PrimaryColor` varchar(100) NOT NULL,
  `SecondaryColor` varchar(100) DEFAULT NULL,
  `Denomination` bigint(20) NOT NULL,
  `ImageFilename` text,
  `Status` int(11) NOT NULL DEFAULT '1',
  `StatusTableID` int(11) NOT NULL DEFAULT '1',
  `StatusDate` date DEFAULT NULL
) ENGINE=InnoDB AUTO_INCREMENT=8 DEFAULT CHARSET=latin1;

--
-- Dumping data for table `chips`
--

INSERT INTO `chips` (`ChipID`, `PrimaryColor`, `SecondaryColor`, `Denomination`, `ImageFilename`, `Status`, `StatusTableID`, `StatusDate`) VALUES
(1, 'Blue', 'Yellow', 100, 'chip_blue_yellow_white.png', 1, 1, '2015-04-06'),
(2, 'Orange', 'Blue', 500, 'chip_orange_blue_white.png', 1, 1, '2015-04-06'),
(3, 'Green', 'Black', 1000, 'chip_green_blue_white.png', 1, 1, '2015-04-06'),
(4, 'black', 'white', 5000, 'chip_black_white.png', 0, 1, '2015-04-06'),
(5, 'Black', 'Purple', 5000, 'chip_black_purp_white.png', 1, 1, '2015-04-06'),
(6, 'Pink', 'Black', 10000, 'chip_pink_black_white.png', 1, 1, '2015-04-06'),
(7, 'White', 'Grey', 20000, 'chip_black_grey_white.png', 1, 1, '2015-09-19');

-- --------------------------------------------------------

--
-- Table structure for table `completedblinds`
--

CREATE TABLE `completedblinds` (
  `CompletedBlindID` int(11) NOT NULL,
  `GameID` int(11) NOT NULL,
  `BlindID` int(11) NOT NULL,
  `Status` int(11) NOT NULL DEFAULT '1',
  `StatusTableID` int(11) NOT NULL DEFAULT '1',
  `StatusDate` date NOT NULL
) ENGINE=InnoDB AUTO_INCREMENT=723 DEFAULT CHARSET=latin1;

-- --------------------------------------------------------

--
-- Table structure for table `gamebounties`
--

CREATE TABLE `gamebounties` (
  `GameBountyID` int(11) NOT NULL,
  `LosingPlayerID` int(11) NOT NULL,
  `WinningPlayerID` int(11) NOT NULL,
  `Status` int(11) NOT NULL DEFAULT '1',
  `StatusTableID` int(11) NOT NULL DEFAULT '1',
  `StatusDate` date NOT NULL
) ENGINE=InnoDB DEFAULT CHARSET=latin1;

-- --------------------------------------------------------

--
-- Table structure for table `gamepayouts`
--

CREATE TABLE `gamepayouts` (
  `GamePayoutID` int(11) NOT NULL,
  `GameID` int(11) NOT NULL,
  `PlacingID` int(11) NOT NULL,
  `Status` int(11) NOT NULL DEFAULT '1',
  `StatusDate` datetime NOT NULL DEFAULT CURRENT_TIMESTAMP
) ENGINE=InnoDB DEFAULT CHARSET=latin1;

-- --------------------------------------------------------

--
-- Table structure for table `gameplayerbuyin`
--

CREATE TABLE `gameplayerbuyin` (
  `GamePlayerBuyinID` int(11) NOT NULL,
  `GamePlayerID` int(11) NOT NULL,
  `IsRebuy` tinyint(1) NOT NULL,
  `IsBoost` tinyint(1) NOT NULL,
  `Status` int(11) NOT NULL DEFAULT '1',
  `StatusTableID` int(11) NOT NULL DEFAULT '1',
  `StatusDate` datetime NOT NULL DEFAULT CURRENT_TIMESTAMP
) ENGINE=InnoDB AUTO_INCREMENT=1100 DEFAULT CHARSET=latin1;

--
-- Dumping data for table `gameplayerbuyin`
--

INSERT INTO `gameplayerbuyin` (`GamePlayerBuyinID`, `GamePlayerID`, `IsRebuy`, `IsBoost`, `Status`, `StatusTableID`, `StatusDate`) VALUES
(1, 1, 0, 0, 1, 1, '2015-04-11 00:00:00'),
(2, 2, 0, 0, 1, 1, '2015-04-11 00:00:00'),
(3, 3, 0, 0, 1, 1, '2015-04-11 00:00:00'),
(4, 4, 0, 0, 1, 1, '2015-04-11 00:00:00'),
(6, 5, 0, 0, 1, 1, '2015-04-11 00:00:00'),
(7, 6, 0, 0, 1, 1, '2015-04-11 00:00:00'),
(8, 7, 0, 0, 1, 1, '2015-04-11 00:00:00'),
(9, 8, 0, 0, 1, 1, '2015-04-11 00:00:00'),
(10, 9, 0, 0, 1, 1, '2015-04-11 00:00:00'),
(11, 10, 0, 0, 1, 1, '2015-04-11 00:00:00'),
(12, 11, 0, 0, 1, 1, '2015-04-11 00:00:00'),
(13, 12, 0, 0, 1, 1, '2015-04-11 00:00:00'),
(15, 2, 1, 0, 1, 1, '2015-04-11 00:00:00'),
(24, 22, 0, 0, 1, 1, '0000-00-00 00:00:00'),
(25, 23, 0, 0, 1, 1, '0000-00-00 00:00:00'),
(26, 24, 0, 0, 1, 1, '0000-00-00 00:00:00'),
(27, 25, 0, 0, 1, 1, '0000-00-00 00:00:00'),
(28, 26, 0, 0, 1, 1, '0000-00-00 00:00:00'),
(29, 27, 0, 0, 1, 1, '0000-00-00 00:00:00'),
(30, 28, 0, 0, 1, 1, '0000-00-00 00:00:00'),
(31, 29, 0, 0, 1, 1, '0000-00-00 00:00:00'),
(32, 26, 1, 0, 1, 1, '0000-00-00 00:00:00'),
(36, 32, 0, 0, 1, 1, '0000-00-00 00:00:00'),
(37, 33, 0, 0, 1, 1, '0000-00-00 00:00:00'),
(38, 34, 0, 0, 1, 1, '0000-00-00 00:00:00'),
(39, 35, 0, 0, 1, 1, '0000-00-00 00:00:00'),
(40, 36, 0, 0, 1, 1, '0000-00-00 00:00:00'),
(41, 37, 0, 0, 1, 1, '0000-00-00 00:00:00'),
(42, 38, 0, 0, 1, 1, '0000-00-00 00:00:00'),
(43, 39, 0, 0, 1, 1, '0000-00-00 00:00:00'),
(44, 39, 1, 0, 1, 1, '0000-00-00 00:00:00'),
(45, 37, 1, 0, 1, 1, '0000-00-00 00:00:00'),
(46, 45, 0, 0, 1, 1, '0000-00-00 00:00:00'),
(47, 40, 0, 0, 1, 1, '0000-00-00 00:00:00'),
(48, 41, 0, 0, 1, 1, '0000-00-00 00:00:00'),
(49, 42, 0, 0, 1, 1, '0000-00-00 00:00:00'),
(50, 43, 0, 0, 1, 1, '0000-00-00 00:00:00'),
(51, 44, 0, 0, 1, 1, '0000-00-00 00:00:00'),
(52, 45, 1, 0, 1, 1, '0000-00-00 00:00:00'),
(53, 46, 0, 0, 1, 1, '0000-00-00 00:00:00'),
(54, 47, 0, 0, 1, 1, '0000-00-00 00:00:00'),
(55, 48, 0, 0, 1, 1, '0000-00-00 00:00:00'),
(56, 49, 0, 0, 1, 1, '0000-00-00 00:00:00'),
(57, 50, 0, 0, 1, 1, '0000-00-00 00:00:00'),
(58, 51, 0, 0, 1, 1, '0000-00-00 00:00:00'),
(59, 52, 0, 0, 1, 1, '0000-00-00 00:00:00'),
(60, 53, 0, 0, 1, 1, '0000-00-00 00:00:00'),
(61, 49, 1, 0, 1, 1, '0000-00-00 00:00:00'),
(62, 49, 1, 0, 1, 1, '0000-00-00 00:00:00'),
(63, 54, 0, 0, 1, 1, '0000-00-00 00:00:00'),
(64, 81, 0, 0, 1, 1, '0000-00-00 00:00:00'),
(65, 81, 1, 0, 1, 1, '0000-00-00 00:00:00'),
(66, 86, 0, 0, 1, 1, '0000-00-00 00:00:00'),
(67, 84, 0, 0, 1, 1, '0000-00-00 00:00:00'),
(68, 88, 0, 0, 1, 1, '0000-00-00 00:00:00'),
(69, 88, 1, 0, 1, 1, '0000-00-00 00:00:00'),
(70, 86, 1, 0, 1, 1, '0000-00-00 00:00:00'),
(71, 84, 1, 0, 1, 1, '0000-00-00 00:00:00'),
(72, 83, 0, 0, 1, 1, '0000-00-00 00:00:00'),
(73, 88, 1, 0, 1, 1, '0000-00-00 00:00:00'),
(74, 91, 0, 0, 1, 1, '0000-00-00 00:00:00'),
(75, 92, 0, 0, 1, 1, '0000-00-00 00:00:00'),
(76, 97, 0, 0, 1, 1, '0000-00-00 00:00:00'),
(77, 96, 0, 0, 1, 1, '0000-00-00 00:00:00'),
(78, 94, 0, 0, 1, 1, '0000-00-00 00:00:00'),
(79, 93, 0, 0, 1, 1, '0000-00-00 00:00:00'),
(80, 91, 1, 0, 1, 1, '0000-00-00 00:00:00'),
(81, 95, 0, 0, 1, 1, '0000-00-00 00:00:00'),
(82, 93, 1, 0, 1, 1, '0000-00-00 00:00:00'),
(83, 94, 1, 0, 1, 1, '0000-00-00 00:00:00'),
(84, 94, 1, 0, 1, 1, '0000-00-00 00:00:00'),
(85, 98, 0, 0, 1, 1, '0000-00-00 00:00:00'),
(86, 100, 0, 0, 1, 1, '0000-00-00 00:00:00'),
(87, 101, 0, 0, 1, 1, '0000-00-00 00:00:00'),
(88, 104, 0, 0, 1, 1, '0000-00-00 00:00:00'),
(89, 105, 0, 0, 1, 1, '0000-00-00 00:00:00'),
(90, 106, 0, 0, 1, 1, '0000-00-00 00:00:00'),
(91, 102, 0, 0, 1, 1, '0000-00-00 00:00:00'),
(92, 103, 0, 0, 1, 1, '0000-00-00 00:00:00'),
(93, 99, 0, 0, 1, 1, '0000-00-00 00:00:00'),
(94, 99, 1, 0, 1, 1, '0000-00-00 00:00:00'),
(95, 98, 1, 0, 1, 1, '0000-00-00 00:00:00'),
(96, 98, 1, 0, 1, 1, '0000-00-00 00:00:00'),
(97, 105, 1, 0, 1, 1, '0000-00-00 00:00:00'),
(98, 117, 0, 0, 1, 1, '0000-00-00 00:00:00'),
(99, 116, 0, 0, 1, 1, '0000-00-00 00:00:00'),
(100, 109, 0, 0, 1, 1, '0000-00-00 00:00:00'),
(101, 114, 0, 0, 1, 1, '0000-00-00 00:00:00'),
(102, 107, 0, 0, 1, 1, '0000-00-00 00:00:00'),
(103, 108, 0, 0, 1, 1, '0000-00-00 00:00:00'),
(104, 115, 0, 0, 1, 1, '0000-00-00 00:00:00'),
(105, 113, 0, 0, 1, 1, '0000-00-00 00:00:00'),
(106, 112, 0, 0, 1, 1, '0000-00-00 00:00:00'),
(107, 110, 0, 0, 1, 1, '0000-00-00 00:00:00'),
(108, 111, 0, 0, 1, 1, '0000-00-00 00:00:00'),
(109, 118, 0, 0, 1, 1, '0000-00-00 00:00:00'),
(110, 109, 1, 0, 1, 1, '0000-00-00 00:00:00'),
(111, 113, 1, 0, 1, 1, '0000-00-00 00:00:00'),
(112, 113, 1, 0, 1, 1, '0000-00-00 00:00:00'),
(113, 117, 1, 0, 1, 1, '0000-00-00 00:00:00'),
(114, 107, 1, 0, 1, 1, '0000-00-00 00:00:00'),
(115, 125, 0, 0, 1, 1, '0000-00-00 00:00:00'),
(116, 126, 0, 0, 1, 1, '0000-00-00 00:00:00'),
(117, 127, 0, 0, 1, 1, '0000-00-00 00:00:00'),
(118, 119, 0, 0, 1, 1, '0000-00-00 00:00:00'),
(119, 121, 0, 0, 1, 1, '0000-00-00 00:00:00'),
(120, 124, 0, 0, 1, 1, '0000-00-00 00:00:00'),
(121, 123, 0, 0, 1, 1, '0000-00-00 00:00:00'),
(122, 122, 0, 0, 1, 1, '0000-00-00 00:00:00'),
(123, 120, 0, 0, 1, 1, '0000-00-00 00:00:00'),
(124, 129, 0, 0, 1, 1, '0000-00-00 00:00:00'),
(125, 128, 0, 0, 1, 1, '0000-00-00 00:00:00'),
(126, 122, 1, 0, 1, 1, '0000-00-00 00:00:00'),
(127, 122, 1, 0, 1, 1, '0000-00-00 00:00:00'),
(128, 127, 1, 0, 1, 1, '0000-00-00 00:00:00'),
(129, 124, 1, 0, 1, 1, '0000-00-00 00:00:00'),
(130, 127, 1, 0, 1, 1, '0000-00-00 00:00:00'),
(131, 130, 0, 0, 1, 1, '0000-00-00 00:00:00'),
(132, 131, 0, 0, 1, 1, '0000-00-00 00:00:00'),
(133, 132, 0, 0, 1, 1, '0000-00-00 00:00:00'),
(134, 133, 0, 0, 1, 1, '0000-00-00 00:00:00'),
(135, 134, 0, 0, 1, 1, '0000-00-00 00:00:00'),
(136, 135, 0, 0, 1, 1, '0000-00-00 00:00:00'),
(137, 136, 0, 0, 1, 1, '0000-00-00 00:00:00'),
(138, 137, 0, 0, 1, 1, '0000-00-00 00:00:00'),
(139, 132, 1, 0, 1, 1, '0000-00-00 00:00:00'),
(140, 131, 1, 0, 1, 1, '0000-00-00 00:00:00'),
(141, 133, 1, 0, 1, 1, '0000-00-00 00:00:00'),
(142, 133, 1, 0, 1, 1, '0000-00-00 00:00:00'),
(143, 132, 1, 0, 1, 1, '0000-00-00 00:00:00'),
(144, 138, 0, 0, 1, 1, '0000-00-00 00:00:00'),
(145, 139, 0, 0, 1, 1, '0000-00-00 00:00:00'),
(146, 140, 0, 0, 1, 1, '0000-00-00 00:00:00'),
(147, 144, 0, 0, 1, 1, '0000-00-00 00:00:00'),
(148, 145, 0, 0, 1, 1, '0000-00-00 00:00:00'),
(149, 146, 0, 0, 1, 1, '0000-00-00 00:00:00'),
(150, 143, 0, 0, 1, 1, '0000-00-00 00:00:00'),
(151, 141, 0, 0, 1, 1, '0000-00-00 00:00:00'),
(152, 147, 0, 0, 1, 1, '0000-00-00 00:00:00'),
(153, 142, 0, 0, 1, 1, '0000-00-00 00:00:00'),
(154, 143, 1, 0, 1, 1, '0000-00-00 00:00:00'),
(155, 146, 1, 0, 1, 1, '0000-00-00 00:00:00'),
(156, 142, 1, 0, 1, 1, '0000-00-00 00:00:00'),
(157, 145, 1, 0, 1, 1, '0000-00-00 00:00:00'),
(158, 148, 0, 0, 1, 1, '0000-00-00 00:00:00'),
(159, 149, 0, 0, 1, 1, '0000-00-00 00:00:00'),
(160, 150, 0, 0, 1, 1, '0000-00-00 00:00:00'),
(161, 151, 0, 0, 1, 1, '0000-00-00 00:00:00'),
(162, 152, 0, 0, 1, 1, '0000-00-00 00:00:00'),
(163, 153, 0, 0, 1, 1, '0000-00-00 00:00:00'),
(164, 154, 0, 0, 1, 1, '0000-00-00 00:00:00'),
(165, 155, 0, 0, 1, 1, '0000-00-00 00:00:00'),
(166, 156, 0, 0, 1, 1, '0000-00-00 00:00:00'),
(167, 157, 0, 0, 1, 1, '0000-00-00 00:00:00'),
(168, 158, 0, 0, 1, 1, '0000-00-00 00:00:00'),
(169, 154, 1, 0, 1, 1, '0000-00-00 00:00:00'),
(170, 159, 0, 0, 1, 1, '0000-00-00 00:00:00'),
(171, 160, 0, 0, 1, 1, '0000-00-00 00:00:00'),
(172, 161, 0, 0, 1, 1, '0000-00-00 00:00:00'),
(173, 162, 0, 0, 1, 1, '0000-00-00 00:00:00'),
(174, 163, 0, 0, 1, 1, '0000-00-00 00:00:00'),
(175, 164, 0, 0, 1, 1, '0000-00-00 00:00:00'),
(176, 165, 0, 0, 1, 1, '0000-00-00 00:00:00'),
(177, 166, 0, 0, 1, 1, '0000-00-00 00:00:00'),
(178, 167, 0, 0, 1, 1, '0000-00-00 00:00:00'),
(179, 168, 0, 0, 1, 1, '0000-00-00 00:00:00'),
(180, 169, 0, 0, 1, 1, '0000-00-00 00:00:00'),
(181, 170, 0, 0, 1, 1, '0000-00-00 00:00:00'),
(182, 163, 1, 0, 1, 1, '0000-00-00 00:00:00'),
(183, 171, 0, 0, 1, 1, '0000-00-00 00:00:00'),
(184, 165, 1, 0, 1, 1, '0000-00-00 00:00:00'),
(185, 167, 1, 0, 1, 1, '0000-00-00 00:00:00'),
(186, 171, 1, 0, 1, 1, '0000-00-00 00:00:00'),
(187, 162, 1, 0, 1, 1, '0000-00-00 00:00:00'),
(188, 170, 1, 0, 1, 1, '0000-00-00 00:00:00'),
(189, 167, 1, 0, 1, 1, '0000-00-00 00:00:00'),
(190, 164, 1, 0, 1, 1, '0000-00-00 00:00:00'),
(191, 166, 1, 0, 1, 1, '0000-00-00 00:00:00'),
(192, 172, 0, 0, 1, 1, '0000-00-00 00:00:00'),
(193, 173, 0, 0, 1, 1, '0000-00-00 00:00:00'),
(194, 174, 0, 0, 1, 1, '0000-00-00 00:00:00'),
(195, 175, 0, 0, 1, 1, '0000-00-00 00:00:00'),
(196, 176, 0, 0, 1, 1, '0000-00-00 00:00:00'),
(197, 177, 0, 0, 1, 1, '0000-00-00 00:00:00'),
(198, 178, 0, 0, 1, 1, '0000-00-00 00:00:00'),
(199, 179, 0, 0, 1, 1, '0000-00-00 00:00:00'),
(200, 180, 0, 0, 1, 1, '0000-00-00 00:00:00'),
(201, 181, 0, 0, 1, 1, '0000-00-00 00:00:00'),
(202, 182, 0, 0, 1, 1, '0000-00-00 00:00:00'),
(203, 180, 1, 0, 1, 1, '0000-00-00 00:00:00'),
(204, 183, 0, 0, 1, 1, '0000-00-00 00:00:00'),
(205, 183, 1, 0, 1, 1, '0000-00-00 00:00:00'),
(206, 183, 1, 0, 1, 1, '0000-00-00 00:00:00'),
(207, 173, 1, 0, 1, 1, '0000-00-00 00:00:00'),
(208, 176, 1, 0, 1, 1, '0000-00-00 00:00:00'),
(209, 184, 0, 0, 1, 1, '0000-00-00 00:00:00'),
(210, 185, 0, 0, 1, 1, '0000-00-00 00:00:00'),
(211, 186, 0, 0, 1, 1, '0000-00-00 00:00:00'),
(212, 187, 0, 0, 1, 1, '0000-00-00 00:00:00'),
(213, 188, 0, 0, 1, 1, '0000-00-00 00:00:00'),
(214, 190, 0, 0, 1, 1, '0000-00-00 00:00:00'),
(215, 187, 1, 0, 1, 1, '0000-00-00 00:00:00'),
(216, 186, 1, 0, 1, 1, '0000-00-00 00:00:00'),
(217, 194, 0, 0, 1, 1, '0000-00-00 00:00:00'),
(218, 200, 0, 0, 1, 1, '0000-00-00 00:00:00'),
(219, 197, 0, 0, 1, 1, '0000-00-00 00:00:00'),
(220, 193, 0, 0, 1, 1, '0000-00-00 00:00:00'),
(221, 191, 0, 0, 1, 1, '0000-00-00 00:00:00'),
(222, 199, 0, 0, 1, 1, '0000-00-00 00:00:00'),
(223, 192, 0, 0, 1, 1, '0000-00-00 00:00:00'),
(224, 198, 0, 0, 1, 1, '0000-00-00 00:00:00'),
(225, 195, 0, 0, 1, 1, '0000-00-00 00:00:00'),
(226, 196, 0, 0, 1, 1, '0000-00-00 00:00:00'),
(227, 202, 0, 0, 1, 1, '0000-00-00 00:00:00'),
(228, 201, 0, 0, 1, 1, '0000-00-00 00:00:00'),
(229, 203, 0, 0, 1, 1, '0000-00-00 00:00:00'),
(230, 204, 0, 0, 1, 1, '0000-00-00 00:00:00'),
(231, 196, 1, 0, 1, 1, '0000-00-00 00:00:00'),
(232, 194, 1, 0, 1, 1, '0000-00-00 00:00:00'),
(233, 194, 1, 0, 1, 1, '0000-00-00 00:00:00'),
(234, 199, 1, 0, 1, 1, '0000-00-00 00:00:00'),
(236, 186, 1, 0, 1, 1, '2015-09-19 13:24:54'),
(238, 205, 0, 0, 1, 1, '2015-09-19 14:02:45'),
(239, 206, 0, 0, 1, 1, '2015-09-19 14:02:48'),
(240, 205, 0, 1, 1, 1, '2015-09-19 14:02:52'),
(241, 206, 1, 0, 1, 1, '2015-09-19 14:03:03'),
(242, 206, 0, 1, 1, 1, '2015-09-19 14:09:58'),
(243, 207, 0, 0, 1, 1, '2015-09-19 16:53:09'),
(244, 207, 0, 1, 1, 1, '2015-09-19 16:53:14'),
(245, 207, 1, 0, 1, 1, '2015-09-19 16:53:20'),
(246, 218, 0, 0, 1, 1, '2015-09-19 18:37:57'),
(247, 219, 0, 0, 1, 1, '2015-09-19 18:38:01'),
(248, 223, 0, 0, 1, 1, '2015-09-19 18:38:08'),
(249, 224, 0, 0, 1, 1, '2015-09-19 18:38:13'),
(250, 217, 0, 0, 1, 1, '2015-09-19 18:39:26'),
(251, 225, 0, 0, 1, 1, '2015-09-19 18:40:35'),
(252, 222, 0, 0, 1, 1, '2015-09-19 19:18:23'),
(253, 219, 1, 0, 1, 1, '2015-09-19 21:08:20'),
(254, 224, 1, 0, 1, 1, '2015-09-19 22:00:26'),
(255, 219, 0, 1, 1, 1, '2015-09-19 22:09:01'),
(256, 217, 0, 1, 1, 1, '2015-09-19 22:09:06'),
(257, 218, 0, 1, 1, 1, '2015-09-19 22:09:12'),
(258, 222, 0, 1, 1, 1, '2015-09-19 22:09:16'),
(259, 225, 0, 1, 1, 1, '2015-09-19 22:09:28'),
(260, 224, 0, 1, 1, 1, '2015-09-19 22:09:58'),
(261, 223, 0, 1, 1, 1, '2015-09-19 22:12:41'),
(262, 226, 0, 0, 1, 1, '2015-09-26 18:41:38'),
(263, 227, 0, 0, 1, 1, '2015-09-26 18:41:41'),
(264, 228, 0, 0, 1, 1, '2015-09-26 18:41:44'),
(265, 229, 0, 0, 1, 1, '2015-09-26 18:41:47'),
(266, 230, 0, 0, 1, 1, '2015-09-26 18:41:50'),
(267, 231, 0, 0, 1, 1, '2015-09-26 18:41:57'),
(268, 232, 0, 0, 1, 1, '2015-09-26 18:41:59'),
(269, 233, 0, 0, 1, 1, '2015-09-26 18:42:02'),
(270, 234, 0, 0, 1, 1, '2015-09-26 18:42:05'),
(271, 235, 0, 0, 1, 1, '2015-09-26 18:42:09'),
(272, 236, 0, 0, 1, 1, '2015-09-26 18:42:12'),
(273, 237, 0, 0, 1, 1, '2015-09-26 18:42:15'),
(274, 238, 0, 0, 1, 1, '2015-09-26 18:42:19'),
(275, 239, 0, 0, 1, 1, '2015-09-26 18:42:22'),
(276, 231, 1, 0, 1, 1, '2015-09-26 19:33:21'),
(277, 240, 0, 0, 1, 1, '2015-09-26 19:33:42'),
(278, 240, 1, 0, 1, 1, '2015-09-26 20:40:52'),
(279, 235, 1, 0, 1, 1, '2015-09-26 21:07:38'),
(280, 231, 1, 0, 1, 1, '2015-09-26 21:30:02'),
(281, 233, 0, 1, 1, 1, '2015-09-26 22:00:44'),
(282, 238, 1, 0, 1, 1, '2015-09-26 22:00:51'),
(283, 238, 0, 1, 1, 1, '2015-09-26 22:00:55'),
(284, 236, 0, 1, 1, 1, '2015-09-26 22:01:08'),
(285, 227, 0, 1, 1, 1, '2015-09-26 22:02:10'),
(286, 228, 0, 1, 1, 1, '2015-09-26 22:02:13'),
(287, 234, 0, 1, 1, 1, '2015-09-26 22:02:45'),
(288, 235, 0, 1, 1, 1, '2015-09-26 22:03:01'),
(289, 230, 0, 1, 1, 1, '2015-09-26 22:04:20'),
(290, 226, 0, 1, 1, 1, '2015-09-26 22:04:24'),
(291, 239, 0, 1, 1, 1, '2015-09-26 22:05:04'),
(292, 231, 0, 1, 1, 1, '2015-09-26 22:05:25'),
(293, 242, 0, 0, 1, 1, '2015-10-03 18:41:08'),
(294, 244, 0, 0, 1, 1, '2015-10-03 18:41:16'),
(295, 245, 0, 0, 1, 1, '2015-10-03 18:41:19'),
(296, 249, 0, 0, 1, 1, '2015-10-03 18:41:23'),
(297, 252, 0, 0, 1, 1, '2015-10-03 18:42:04'),
(298, 253, 0, 0, 1, 1, '2015-10-03 18:42:28'),
(299, 254, 0, 0, 1, 1, '2015-10-03 18:42:31'),
(300, 248, 0, 0, 1, 1, '2015-10-03 18:42:40'),
(301, 243, 0, 0, 1, 1, '2015-10-03 18:42:46'),
(302, 246, 0, 0, 1, 1, '2015-10-03 18:42:54'),
(303, 251, 0, 0, 1, 1, '2015-10-03 18:43:33'),
(304, 241, 0, 0, 1, 1, '2015-10-03 18:44:01'),
(305, 250, 0, 0, 1, 1, '2015-10-03 18:53:43'),
(306, 247, 0, 0, 1, 1, '2015-10-03 19:20:17'),
(307, 255, 0, 0, 1, 1, '2015-10-03 19:20:20'),
(308, 251, 1, 0, 1, 1, '2015-10-03 20:13:35'),
(309, 254, 1, 0, 1, 1, '2015-10-03 20:13:43'),
(310, 255, 1, 0, 1, 1, '2015-10-03 20:41:46'),
(311, 252, 1, 0, 1, 1, '2015-10-03 20:41:49'),
(312, 256, 0, 0, 1, 1, '2015-10-03 20:57:43'),
(313, 254, 1, 0, 1, 1, '2015-10-03 21:49:25'),
(314, 243, 1, 0, 1, 1, '2015-10-03 22:14:06'),
(315, 251, 1, 0, 1, 1, '2015-10-03 22:14:13'),
(316, 247, 1, 0, 1, 1, '2015-10-03 22:15:42'),
(317, 241, 0, 1, 1, 1, '2015-10-03 22:23:22'),
(318, 248, 0, 1, 1, 1, '2015-10-03 22:23:41'),
(319, 244, 0, 1, 1, 1, '2015-10-03 22:24:25'),
(320, 250, 0, 1, 1, 1, '2015-10-03 22:25:07'),
(321, 247, 0, 1, 1, 1, '2015-10-03 22:25:43'),
(322, 243, 0, 1, 1, 1, '2015-10-03 22:26:39'),
(323, 246, 0, 1, 1, 1, '2015-10-03 22:27:55'),
(324, 255, 0, 1, 1, 1, '2015-10-03 22:28:03'),
(325, 256, 0, 1, 1, 1, '2015-10-03 22:28:09'),
(327, 245, 0, 1, 1, 1, '2015-10-03 22:28:57'),
(328, 242, 0, 1, 1, 1, '2015-10-03 22:40:55'),
(329, 254, 0, 1, 1, 1, '2015-10-03 22:43:17'),
(330, 258, 0, 0, 1, 1, '2015-10-10 18:10:10'),
(331, 257, 0, 0, 1, 1, '2015-10-10 18:10:41'),
(332, 259, 0, 0, 1, 1, '2015-10-10 18:26:13'),
(333, 266, 0, 0, 1, 1, '2015-10-10 18:26:49'),
(334, 267, 0, 0, 1, 1, '2015-10-10 18:26:55'),
(335, 265, 0, 0, 1, 1, '2015-10-10 18:27:13'),
(336, 261, 0, 0, 1, 1, '2015-10-10 18:27:20'),
(337, 263, 0, 0, 1, 1, '2015-10-10 18:27:33'),
(338, 262, 0, 0, 1, 1, '2015-10-10 18:29:35'),
(339, 268, 0, 0, 1, 1, '2015-10-10 18:29:43'),
(340, 264, 0, 0, 1, 1, '2015-10-10 18:55:29'),
(341, 257, 1, 0, 1, 1, '2015-10-10 19:41:15'),
(342, 260, 0, 0, 1, 1, '2015-10-10 20:06:10'),
(343, 266, 1, 0, 1, 1, '2015-10-10 20:06:14'),
(344, 268, 1, 0, 1, 1, '2015-10-10 20:06:18'),
(345, 259, 1, 0, 1, 1, '2015-10-10 21:41:03'),
(346, 257, 1, 0, 1, 1, '2015-10-10 21:41:54'),
(347, 257, 1, 0, 1, 1, '2015-10-10 21:41:58'),
(348, 261, 1, 0, 1, 1, '2015-10-10 21:42:33'),
(349, 259, 1, 0, 1, 1, '2015-10-10 21:43:22'),
(350, 268, 0, 1, 1, 1, '2015-10-10 21:44:35'),
(351, 262, 0, 1, 1, 1, '2015-10-10 21:44:41'),
(352, 264, 0, 1, 1, 1, '2015-10-10 21:44:45'),
(353, 266, 0, 1, 1, 1, '2015-10-10 21:45:37'),
(354, 257, 0, 1, 1, 1, '2015-10-10 21:46:26'),
(355, 258, 0, 1, 1, 1, '2015-10-10 21:47:12'),
(356, 263, 0, 1, 1, 1, '2015-10-10 21:47:23'),
(357, 267, 0, 1, 1, 1, '2015-10-10 21:47:26'),
(358, 259, 0, 1, 1, 1, '2015-10-10 21:47:49'),
(359, 269, 0, 0, 1, 1, '2015-10-15 14:55:14'),
(360, 270, 0, 0, 1, 1, '2015-10-15 14:55:18'),
(361, 271, 0, 0, 1, 1, '2015-10-15 14:55:21'),
(362, 272, 0, 0, 1, 1, '2015-10-15 14:55:48'),
(363, 273, 0, 0, 1, 1, '2015-10-15 14:55:50'),
(364, 274, 0, 0, 1, 1, '2015-10-15 14:55:54'),
(365, 275, 0, 0, 1, 1, '2015-10-15 14:55:56'),
(366, 276, 0, 0, 1, 1, '2015-10-15 14:55:59'),
(367, 277, 0, 0, 1, 1, '2015-10-15 14:56:02'),
(368, 278, 0, 0, 1, 1, '2015-10-17 18:32:17'),
(369, 279, 0, 0, 1, 1, '2015-10-17 18:32:21'),
(370, 280, 0, 0, 1, 1, '2015-10-17 18:32:31'),
(371, 281, 0, 0, 1, 1, '2015-10-17 18:32:35'),
(372, 282, 0, 0, 1, 1, '2015-10-17 18:32:38'),
(373, 283, 0, 0, 1, 1, '2015-10-17 18:32:41'),
(374, 284, 0, 0, 1, 1, '2015-10-17 18:32:44'),
(375, 285, 0, 0, 1, 1, '2015-10-17 18:32:46'),
(376, 286, 0, 0, 1, 1, '2015-10-17 18:32:50'),
(377, 287, 0, 0, 1, 1, '2015-10-17 18:32:53'),
(378, 288, 0, 0, 1, 1, '2015-10-17 18:33:12'),
(379, 286, 1, 0, 1, 1, '2015-10-17 20:12:46'),
(380, 289, 0, 0, 1, 1, '2015-10-17 21:49:24'),
(381, 290, 0, 0, 1, 1, '2015-10-17 21:49:32'),
(382, 289, 1, 0, 1, 1, '2015-10-17 21:49:47'),
(383, 286, 1, 0, 1, 1, '2015-10-17 21:49:53'),
(384, 281, 1, 0, 1, 1, '2015-10-17 21:50:00'),
(385, 279, 1, 0, 1, 1, '2015-10-17 21:50:04'),
(386, 278, 0, 1, 1, 1, '2015-10-17 22:36:22'),
(387, 279, 0, 1, 1, 1, '2015-10-17 22:36:26'),
(388, 280, 0, 1, 1, 1, '2015-10-17 22:36:28'),
(389, 281, 0, 1, 1, 1, '2015-10-17 22:36:32'),
(390, 282, 0, 1, 1, 1, '2015-10-17 22:36:35'),
(391, 283, 0, 1, 1, 1, '2015-10-17 22:36:45'),
(392, 284, 0, 1, 1, 1, '2015-10-17 22:36:48'),
(393, 285, 0, 1, 1, 1, '2015-10-17 22:36:58'),
(394, 286, 0, 1, 1, 1, '2015-10-17 22:37:03'),
(395, 287, 0, 1, 1, 1, '2015-10-17 22:37:06'),
(396, 289, 0, 1, 1, 1, '2015-10-17 22:37:13'),
(397, 292, 0, 0, 1, 1, '2015-11-07 17:57:13'),
(398, 293, 0, 0, 1, 1, '2015-11-07 17:57:18'),
(399, 291, 0, 0, 1, 1, '2015-11-07 17:57:21'),
(400, 294, 0, 0, 1, 1, '2015-11-07 17:58:24'),
(401, 295, 0, 0, 1, 1, '2015-11-07 18:00:42'),
(402, 296, 0, 0, 1, 1, '2015-11-07 18:12:08'),
(403, 297, 0, 0, 1, 1, '2015-11-07 18:12:28'),
(404, 298, 0, 0, 1, 1, '2015-11-07 18:17:21'),
(405, 299, 0, 0, 1, 1, '2015-11-07 18:21:22'),
(406, 303, 0, 0, 1, 1, '2015-11-07 18:21:53'),
(407, 304, 0, 0, 1, 1, '2015-11-07 18:21:56'),
(408, 302, 0, 0, 1, 1, '2015-11-07 18:21:59'),
(409, 301, 0, 0, 1, 1, '2015-11-07 18:22:03'),
(410, 300, 0, 0, 1, 1, '2015-11-07 18:22:16'),
(411, 305, 0, 0, 1, 1, '2015-11-07 18:22:46'),
(412, 306, 0, 0, 1, 1, '2015-11-07 18:25:28'),
(413, 307, 0, 0, 1, 1, '2015-11-07 18:30:50'),
(414, 308, 0, 0, 1, 1, '2015-11-07 19:10:49'),
(415, 309, 0, 0, 1, 1, '2015-11-07 19:10:52'),
(416, 310, 0, 0, 1, 1, '2015-11-07 19:35:50'),
(417, 292, 1, 0, 1, 1, '2015-11-07 19:39:32'),
(418, 309, 1, 0, 1, 1, '2015-11-07 19:39:50'),
(419, 310, 1, 0, 1, 1, '2015-11-07 20:11:52'),
(420, 292, 1, 0, 1, 1, '2015-11-07 20:11:57'),
(421, 292, 1, 0, 1, 1, '2015-11-07 20:12:00'),
(422, 293, 1, 0, 1, 1, '2015-11-07 20:12:04'),
(423, 308, 1, 0, 1, 1, '2015-11-07 22:07:44'),
(424, 301, 1, 0, 1, 1, '2015-11-07 22:10:12'),
(425, 291, 0, 1, 1, 1, '2015-11-07 22:24:15'),
(426, 292, 0, 1, 1, 1, '2015-11-07 22:24:19'),
(427, 297, 0, 1, 1, 1, '2015-11-07 22:24:27'),
(428, 300, 0, 1, 1, 1, '2015-11-07 22:24:36'),
(429, 301, 0, 1, 1, 1, '2015-11-07 22:24:39'),
(430, 302, 0, 1, 1, 1, '2015-11-07 22:24:41'),
(431, 303, 0, 1, 1, 1, '2015-11-07 22:24:44'),
(432, 304, 0, 1, 1, 1, '2015-11-07 22:24:47'),
(433, 305, 0, 1, 1, 1, '2015-11-07 22:24:51'),
(434, 301, 1, 0, 1, 1, '2015-11-07 22:25:15'),
(435, 302, 1, 0, 1, 1, '2015-11-07 22:25:19'),
(436, 302, 1, 0, 1, 1, '2015-11-07 22:25:22'),
(437, 303, 1, 0, 1, 1, '2015-11-07 22:25:48'),
(438, 306, 0, 1, 1, 1, '2015-11-07 22:25:59'),
(439, 307, 0, 1, 1, 1, '2015-11-07 22:26:06'),
(440, 308, 0, 1, 1, 1, '2015-11-07 22:26:10'),
(441, 310, 0, 1, 1, 1, '2015-11-07 22:26:17'),
(442, 316, 0, 0, 1, 1, '2015-11-14 17:58:11'),
(443, 320, 0, 0, 1, 1, '2015-11-14 17:58:27'),
(444, 312, 0, 0, 1, 1, '2015-11-14 17:58:32'),
(445, 313, 0, 0, 1, 1, '2015-11-14 17:58:41'),
(446, 314, 0, 0, 1, 1, '2015-11-14 18:28:56'),
(447, 319, 0, 0, 1, 1, '2015-11-14 18:29:01'),
(448, 311, 0, 0, 1, 1, '2015-11-14 18:38:28'),
(449, 317, 0, 0, 1, 1, '2015-11-14 18:38:32'),
(450, 321, 0, 0, 1, 1, '2015-11-14 18:38:56'),
(451, 312, 1, 0, 1, 1, '2015-11-14 21:11:40'),
(452, 312, 1, 0, 1, 1, '2015-11-14 21:11:44'),
(453, 314, 1, 0, 1, 1, '2015-11-14 21:11:50'),
(454, 320, 1, 0, 1, 1, '2015-11-14 21:11:54'),
(455, 313, 0, 1, 1, 1, '2015-11-14 22:12:49'),
(456, 311, 0, 1, 1, 1, '2015-11-14 22:12:54'),
(457, 321, 0, 1, 1, 1, '2015-11-14 22:12:57'),
(458, 317, 0, 1, 1, 1, '2015-11-14 22:13:02'),
(459, 322, 0, 0, 1, 1, '2015-11-21 22:59:17'),
(460, 323, 0, 0, 1, 1, '2015-11-21 22:59:21'),
(461, 324, 0, 0, 1, 1, '2015-11-21 22:59:24'),
(462, 325, 0, 0, 1, 1, '2015-11-21 22:59:28'),
(463, 326, 0, 0, 1, 1, '2015-11-21 22:59:33'),
(464, 327, 0, 0, 1, 1, '2015-11-21 22:59:36'),
(465, 328, 0, 0, 1, 1, '2015-11-21 23:00:33'),
(466, 329, 0, 0, 1, 1, '2015-11-21 23:00:37'),
(467, 330, 0, 0, 1, 1, '2015-11-21 23:00:40'),
(468, 331, 0, 0, 1, 1, '2015-11-21 23:00:43'),
(469, 332, 0, 0, 1, 1, '2015-11-21 23:00:47'),
(470, 333, 0, 0, 1, 1, '2015-11-21 23:00:50'),
(471, 334, 0, 0, 1, 1, '2015-11-22 17:14:35'),
(472, 335, 0, 0, 1, 1, '2015-11-22 17:14:39'),
(473, 336, 0, 0, 1, 1, '2015-11-22 17:14:42'),
(474, 338, 0, 0, 1, 1, '2015-11-22 17:14:47'),
(475, 339, 0, 0, 1, 1, '2015-11-22 17:14:50'),
(476, 337, 0, 0, 1, 1, '2015-11-22 17:47:42'),
(477, 336, 1, 0, 1, 1, '2015-11-22 19:58:10'),
(478, 340, 0, 0, 1, 1, '2015-11-27 20:59:58'),
(479, 341, 0, 0, 1, 1, '2015-11-27 21:00:03'),
(480, 342, 0, 0, 1, 1, '2015-11-27 21:00:09'),
(481, 343, 0, 0, 1, 1, '2015-11-27 21:00:14'),
(482, 344, 0, 0, 1, 1, '2015-11-27 21:00:22'),
(483, 345, 0, 0, 1, 1, '2015-11-27 21:00:28'),
(484, 346, 0, 0, 1, 1, '2015-11-27 21:00:33'),
(486, 340, 1, 0, 1, 1, '2015-11-28 01:01:56'),
(487, 347, 0, 0, 1, 1, '2015-11-28 18:29:13'),
(488, 348, 0, 0, 1, 1, '2015-11-28 18:29:16'),
(489, 349, 0, 0, 1, 1, '2015-11-28 18:29:20'),
(490, 350, 0, 0, 1, 1, '2015-11-28 18:29:25'),
(491, 351, 0, 0, 1, 1, '2015-11-28 18:29:32'),
(492, 352, 0, 0, 1, 1, '2015-11-28 18:29:35'),
(493, 353, 0, 0, 1, 1, '2015-11-28 18:29:38'),
(494, 354, 0, 0, 1, 1, '2015-11-28 18:29:43'),
(495, 356, 0, 0, 1, 1, '2015-11-28 18:59:50'),
(496, 355, 0, 0, 1, 1, '2015-11-28 19:05:30'),
(497, 352, 1, 0, 1, 1, '2015-11-28 20:09:46'),
(498, 347, 0, 1, 1, 1, '2015-11-28 21:42:20'),
(499, 348, 0, 1, 1, 1, '2015-11-28 21:42:23'),
(500, 350, 0, 1, 1, 1, '2015-11-28 21:42:27'),
(501, 351, 0, 1, 1, 1, '2015-11-28 21:42:31'),
(502, 352, 0, 1, 1, 1, '2015-11-28 21:42:35'),
(503, 353, 0, 1, 1, 1, '2015-11-28 21:42:39'),
(504, 355, 0, 1, 1, 1, '2015-11-28 21:42:44'),
(505, 352, 1, 0, 1, 1, '2015-11-28 21:43:45'),
(506, 361, 0, 0, 1, 1, '2015-12-04 18:35:49'),
(507, 359, 0, 0, 1, 1, '2015-12-04 18:35:56'),
(508, 357, 0, 0, 1, 1, '2015-12-04 18:36:21'),
(509, 358, 0, 0, 1, 1, '2015-12-04 18:36:39'),
(510, 360, 0, 0, 1, 1, '2015-12-04 18:36:52'),
(511, 362, 0, 0, 1, 1, '2015-12-04 18:45:30'),
(512, 363, 0, 0, 1, 1, '2015-12-04 19:16:14'),
(513, 360, 1, 0, 1, 1, '2015-12-04 20:19:29'),
(514, 359, 1, 0, 1, 1, '2015-12-04 20:19:36'),
(515, 359, 1, 0, 1, 1, '2015-12-04 21:53:10'),
(516, 361, 1, 0, 1, 1, '2015-12-04 22:20:28'),
(517, 364, 0, 0, 1, 1, '2015-12-05 18:26:27'),
(518, 365, 0, 0, 1, 1, '2015-12-05 18:26:33'),
(519, 366, 0, 0, 1, 1, '2015-12-05 18:26:36'),
(520, 367, 0, 0, 1, 1, '2015-12-05 18:27:11'),
(521, 368, 0, 0, 1, 1, '2015-12-05 18:27:15'),
(522, 369, 0, 0, 1, 1, '2015-12-05 18:27:19'),
(523, 370, 0, 0, 1, 1, '2015-12-05 18:49:05'),
(524, 371, 0, 0, 1, 1, '2015-12-05 18:51:19'),
(525, 372, 0, 0, 1, 1, '2015-12-05 19:24:33'),
(526, 372, 1, 0, 1, 1, '2015-12-05 19:24:37'),
(527, 372, 1, 0, 1, 1, '2015-12-05 20:22:39'),
(528, 369, 1, 0, 1, 1, '2015-12-05 20:46:49'),
(529, 366, 1, 0, 1, 1, '2015-12-05 21:01:14'),
(530, 367, 1, 0, 1, 1, '2015-12-05 21:29:07'),
(531, 368, 1, 0, 1, 1, '2015-12-05 21:29:25'),
(532, 371, 0, 1, 1, 1, '2015-12-05 21:46:00'),
(533, 370, 0, 1, 1, 1, '2015-12-05 21:46:04'),
(534, 369, 0, 1, 1, 1, '2015-12-05 21:46:07'),
(535, 366, 0, 1, 1, 1, '2015-12-05 21:46:15'),
(536, 373, 0, 0, 1, 1, '2015-12-11 21:46:27'),
(537, 374, 0, 0, 1, 1, '2015-12-11 21:46:30'),
(538, 375, 0, 0, 1, 1, '2015-12-11 21:46:33'),
(539, 376, 0, 0, 1, 1, '2015-12-11 21:46:36'),
(540, 377, 0, 0, 1, 1, '2015-12-11 21:46:39'),
(541, 378, 0, 0, 1, 1, '2015-12-19 18:36:18'),
(542, 379, 0, 0, 1, 1, '2015-12-19 18:36:20'),
(543, 380, 0, 0, 1, 1, '2015-12-19 18:36:23'),
(544, 381, 0, 0, 1, 1, '2015-12-19 18:36:26'),
(545, 382, 0, 0, 1, 1, '2015-12-19 18:36:29'),
(546, 383, 0, 0, 1, 1, '2015-12-19 18:36:32'),
(547, 384, 0, 0, 1, 1, '2015-12-19 18:36:35'),
(549, 385, 0, 0, 1, 1, '2015-12-19 18:36:41'),
(550, 386, 0, 0, 1, 1, '2015-12-19 18:36:44'),
(551, 387, 0, 0, 1, 1, '2015-12-19 18:57:16'),
(552, 382, 1, 0, 1, 1, '2015-12-19 19:49:01'),
(553, 386, 1, 0, 1, 1, '2015-12-19 19:49:14'),
(554, 388, 0, 0, 1, 1, '2015-12-19 19:50:25'),
(555, 389, 0, 0, 1, 1, '2015-12-19 20:03:38'),
(556, 382, 1, 0, 1, 1, '2015-12-19 20:43:23'),
(557, 384, 1, 0, 1, 1, '2015-12-19 21:15:30'),
(558, 379, 1, 0, 1, 1, '2015-12-19 21:33:49'),
(559, 381, 0, 1, 1, 1, '2015-12-19 21:56:26'),
(560, 382, 0, 1, 1, 1, '2015-12-19 21:56:43'),
(561, 383, 0, 1, 1, 1, '2015-12-19 21:56:49'),
(562, 388, 0, 1, 1, 1, '2015-12-19 21:56:56'),
(563, 386, 0, 1, 1, 1, '2015-12-19 21:57:02'),
(564, 379, 0, 1, 1, 1, '2015-12-19 21:57:31'),
(565, 380, 0, 1, 1, 1, '2015-12-19 21:57:34'),
(566, 389, 0, 1, 1, 1, '2015-12-19 21:57:41'),
(567, 384, 1, 0, 1, 1, '2015-12-19 21:58:34'),
(568, 390, 0, 0, 1, 1, '2015-12-26 18:31:51'),
(569, 391, 0, 0, 1, 1, '2015-12-26 18:31:55'),
(570, 392, 0, 0, 1, 1, '2015-12-26 18:31:59'),
(571, 393, 0, 0, 1, 1, '2015-12-26 18:32:03'),
(572, 394, 0, 0, 1, 1, '2015-12-26 18:32:07'),
(573, 395, 0, 0, 1, 1, '2015-12-26 18:40:00'),
(574, 396, 0, 0, 1, 1, '2015-12-26 19:14:33'),
(575, 397, 0, 0, 1, 1, '2015-12-26 19:25:57'),
(576, 393, 1, 0, 1, 1, '2015-12-26 21:13:25'),
(577, 390, 1, 0, 1, 1, '2015-12-26 21:50:32'),
(578, 391, 0, 1, 1, 1, '2015-12-26 22:28:28'),
(579, 393, 0, 1, 1, 1, '2015-12-26 22:28:36'),
(580, 394, 0, 1, 1, 1, '2015-12-26 22:28:41'),
(581, 398, 0, 0, 1, 1, '2015-12-31 18:29:19'),
(582, 399, 0, 0, 1, 1, '2015-12-31 18:29:23'),
(583, 400, 0, 0, 1, 1, '2015-12-31 18:29:26'),
(584, 401, 0, 0, 1, 1, '2015-12-31 18:29:34'),
(585, 402, 0, 0, 1, 1, '2015-12-31 18:29:38'),
(586, 403, 0, 0, 1, 1, '2015-12-31 18:31:13'),
(587, 404, 0, 0, 1, 1, '2015-12-31 19:59:02'),
(588, 405, 0, 0, 1, 1, '2015-12-31 19:59:05'),
(589, 400, 1, 0, 1, 1, '2015-12-31 20:02:38'),
(590, 403, 1, 0, 1, 1, '2015-12-31 20:02:42'),
(591, 402, 1, 0, 1, 1, '2015-12-31 20:39:39'),
(592, 398, 0, 1, 1, 1, '2015-12-31 21:51:34'),
(593, 399, 0, 1, 1, 1, '2015-12-31 21:51:38'),
(594, 400, 0, 1, 1, 1, '2015-12-31 21:51:41'),
(595, 401, 0, 1, 1, 1, '2015-12-31 21:51:45'),
(596, 402, 0, 1, 1, 1, '2015-12-31 21:51:49'),
(598, 404, 0, 1, 1, 1, '2015-12-31 21:51:55'),
(599, 405, 0, 1, 1, 1, '2015-12-31 21:52:00'),
(600, 404, 1, 0, 1, 1, '2015-12-31 21:53:24'),
(601, 405, 1, 0, 1, 1, '2015-12-31 21:53:27'),
(602, 401, 1, 0, 1, 1, '2015-12-31 21:55:18'),
(603, 408, 0, 0, 1, 1, '2016-01-09 18:17:19'),
(604, 410, 0, 0, 1, 1, '2016-01-09 18:17:22'),
(605, 411, 0, 0, 1, 1, '2016-01-09 18:17:26'),
(606, 412, 0, 0, 1, 1, '2016-01-09 18:19:40'),
(607, 413, 0, 0, 1, 1, '2016-01-09 18:21:07'),
(608, 407, 0, 0, 1, 1, '2016-01-09 18:21:54'),
(609, 409, 0, 0, 1, 1, '2016-01-09 18:22:03'),
(610, 406, 0, 0, 1, 1, '2016-01-09 18:28:16'),
(611, 414, 0, 0, 1, 1, '2016-01-09 18:28:29'),
(612, 415, 0, 0, 1, 1, '2016-01-09 18:28:57'),
(613, 407, 1, 0, 1, 1, '2016-01-09 19:22:06'),
(614, 413, 0, 1, 1, 1, '2016-01-09 21:48:07'),
(615, 408, 0, 1, 1, 1, '2016-01-09 21:48:14'),
(616, 407, 0, 1, 1, 1, '2016-01-09 21:48:25'),
(617, 409, 0, 1, 1, 1, '2016-01-09 21:48:49'),
(618, 410, 0, 1, 1, 1, '2016-01-09 21:48:54'),
(619, 414, 0, 1, 1, 1, '2016-01-09 21:49:09'),
(620, 415, 0, 1, 1, 1, '2016-01-09 21:49:13'),
(621, 416, 0, 0, 1, 1, '2016-01-09 21:52:59'),
(622, 416, 0, 1, 1, 1, '2016-01-09 21:53:04'),
(623, 406, 0, 1, 1, 1, '2016-01-09 21:54:12'),
(624, 425, 0, 0, 1, 1, '2016-01-16 18:52:19'),
(625, 424, 0, 0, 1, 1, '2016-01-16 18:52:22'),
(626, 423, 0, 0, 1, 1, '2016-01-16 18:52:25'),
(627, 422, 0, 0, 1, 1, '2016-01-16 18:52:28'),
(628, 421, 0, 0, 1, 1, '2016-01-16 18:52:32'),
(629, 420, 0, 0, 1, 1, '2016-01-16 18:52:35'),
(630, 419, 0, 0, 1, 1, '2016-01-16 18:52:38'),
(631, 418, 0, 0, 1, 1, '2016-01-16 18:52:42'),
(632, 417, 0, 0, 1, 1, '2016-01-16 18:52:46'),
(633, 426, 0, 0, 1, 1, '2016-01-16 18:54:04'),
(634, 427, 0, 0, 1, 1, '2016-01-16 18:59:53'),
(635, 421, 1, 0, 1, 1, '2016-01-16 19:15:54'),
(636, 428, 0, 0, 1, 1, '2016-01-16 19:31:23'),
(637, 429, 0, 0, 1, 1, '2016-01-16 19:31:27'),
(638, 430, 0, 0, 1, 1, '2016-01-16 19:44:16'),
(639, 429, 1, 0, 1, 1, '2016-01-16 21:05:12'),
(640, 422, 1, 0, 1, 1, '2016-01-16 21:05:33'),
(641, 422, 1, 0, 1, 1, '2016-01-16 21:28:50'),
(642, 421, 1, 0, 1, 1, '2016-01-16 22:14:38'),
(643, 418, 1, 0, 1, 1, '2016-01-16 22:14:58'),
(644, 424, 0, 1, 1, 1, '2016-01-16 22:15:07'),
(645, 423, 0, 1, 1, 1, '2016-01-16 22:15:12'),
(646, 422, 0, 1, 1, 1, '2016-01-16 22:15:18'),
(647, 421, 0, 1, 1, 1, '2016-01-16 22:15:25'),
(648, 428, 0, 1, 1, 1, '2016-01-16 22:15:32'),
(649, 427, 0, 1, 1, 1, '2016-01-16 22:15:40'),
(650, 429, 0, 1, 1, 1, '2016-01-16 22:15:46'),
(651, 425, 0, 1, 1, 1, '2016-01-16 22:15:56'),
(652, 420, 0, 1, 1, 1, '2016-01-16 22:16:17'),
(653, 431, 0, 0, 1, 1, '2016-01-23 18:39:21'),
(654, 432, 0, 0, 1, 1, '2016-01-23 18:39:24'),
(655, 433, 0, 0, 1, 1, '2016-01-23 18:39:28'),
(656, 434, 0, 0, 1, 1, '2016-01-23 18:39:32'),
(657, 435, 0, 0, 1, 1, '2016-01-23 18:39:35'),
(658, 436, 0, 0, 1, 1, '2016-01-23 18:39:38'),
(659, 437, 0, 0, 1, 1, '2016-01-23 18:39:41'),
(660, 438, 0, 0, 1, 1, '2016-01-23 18:39:45'),
(661, 439, 0, 0, 1, 1, '2016-01-23 18:39:48'),
(662, 440, 0, 0, 1, 1, '2016-01-23 18:48:29'),
(663, 440, 1, 0, 1, 1, '2016-01-23 19:12:37'),
(664, 438, 1, 0, 1, 1, '2016-01-23 20:22:58'),
(665, 440, 1, 0, 1, 1, '2016-01-23 20:24:54'),
(666, 439, 1, 0, 1, 1, '2016-01-23 20:58:31'),
(667, 437, 1, 0, 1, 1, '2016-01-23 21:51:52'),
(668, 431, 0, 1, 1, 1, '2016-01-23 22:10:59'),
(669, 432, 0, 1, 1, 1, '2016-01-23 22:11:03'),
(670, 435, 0, 1, 1, 1, '2016-01-23 22:11:12'),
(671, 440, 0, 1, 1, 1, '2016-01-23 22:11:23'),
(672, 441, 0, 0, 1, 1, '2016-01-23 22:20:05'),
(673, 442, 0, 0, 1, 1, '2016-01-23 22:20:12'),
(674, 442, 0, 1, 1, 1, '2016-01-23 22:20:17'),
(675, 441, 0, 1, 1, 1, '2016-01-23 22:20:20'),
(676, 443, 0, 0, 1, 1, '2016-01-30 18:44:06'),
(677, 444, 0, 0, 1, 1, '2016-01-30 18:44:10'),
(678, 445, 0, 0, 1, 1, '2016-01-30 18:44:14'),
(679, 446, 0, 0, 1, 1, '2016-01-30 18:44:17'),
(680, 447, 0, 0, 1, 1, '2016-01-30 18:44:21'),
(681, 448, 0, 0, 1, 1, '2016-01-30 18:44:25'),
(682, 449, 0, 0, 1, 1, '2016-01-30 18:44:30'),
(683, 450, 0, 0, 1, 1, '2016-01-30 18:44:41'),
(684, 446, 1, 0, 1, 1, '2016-01-30 20:09:24'),
(685, 443, 1, 0, 1, 1, '2016-01-30 20:09:28'),
(686, 444, 1, 0, 1, 1, '2016-01-30 20:33:52'),
(687, 450, 1, 0, 1, 1, '2016-01-30 20:33:57'),
(688, 443, 1, 0, 1, 1, '2016-01-30 22:04:32'),
(689, 444, 0, 1, 1, 1, '2016-01-30 22:12:56'),
(690, 445, 0, 1, 1, 1, '2016-01-30 22:13:00'),
(691, 446, 0, 1, 1, 1, '2016-01-30 22:13:04'),
(692, 447, 0, 1, 1, 1, '2016-01-30 22:13:09'),
(693, 448, 0, 1, 1, 1, '2016-01-30 22:13:14'),
(694, 451, 0, 0, 1, 1, '2016-01-30 22:13:53'),
(695, 451, 0, 1, 1, 1, '2016-01-30 22:15:29'),
(696, 447, 1, 0, 1, 1, '2016-01-30 22:15:50'),
(697, 452, 0, 0, 1, 1, '2016-02-06 18:29:51'),
(698, 454, 0, 0, 1, 1, '2016-02-06 18:29:55'),
(699, 456, 0, 0, 1, 1, '2016-02-06 18:29:58'),
(700, 457, 0, 0, 1, 1, '2016-02-06 18:30:01'),
(701, 458, 0, 0, 1, 1, '2016-02-06 18:30:04'),
(702, 459, 0, 0, 1, 1, '2016-02-06 18:30:36'),
(703, 461, 0, 0, 1, 1, '2016-02-06 18:40:17'),
(704, 462, 0, 0, 1, 1, '2016-02-06 18:40:22'),
(705, 463, 0, 0, 1, 1, '2016-02-06 18:40:27'),
(706, 464, 0, 0, 1, 1, '2016-02-06 18:41:42'),
(707, 455, 0, 0, 1, 1, '2016-02-06 18:41:45'),
(708, 453, 0, 0, 1, 1, '2016-02-06 18:41:49'),
(709, 465, 0, 0, 1, 1, '2016-02-06 18:42:59'),
(710, 466, 0, 0, 1, 1, '2016-02-06 18:43:20'),
(711, 467, 0, 0, 1, 1, '2016-02-06 18:44:42'),
(712, 465, 1, 0, 1, 1, '2016-02-06 19:34:53'),
(713, 454, 1, 0, 1, 1, '2016-02-06 19:51:26'),
(714, 460, 0, 0, 1, 1, '2016-02-06 20:03:10'),
(715, 452, 1, 0, 1, 1, '2016-02-06 20:16:25'),
(716, 465, 1, 0, 1, 1, '2016-02-06 20:31:56'),
(717, 460, 1, 0, 1, 1, '2016-02-06 21:12:37'),
(718, 468, 0, 0, 1, 1, '2016-02-06 21:12:42'),
(719, 464, 1, 0, 1, 1, '2016-02-06 21:24:57'),
(720, 464, 1, 0, 1, 1, '2016-02-06 21:36:11'),
(721, 457, 1, 0, 1, 1, '2016-02-06 21:38:08'),
(722, 468, 1, 0, 1, 1, '2016-02-06 21:41:38'),
(723, 458, 1, 0, 1, 1, '2016-02-06 22:08:23'),
(724, 464, 1, 0, 1, 1, '2016-02-06 22:18:21'),
(725, 461, 1, 0, 1, 1, '2016-02-06 22:20:22'),
(726, 457, 0, 1, 1, 1, '2016-02-06 22:34:24'),
(727, 458, 0, 1, 1, 1, '2016-02-06 22:34:27'),
(728, 453, 0, 1, 1, 1, '2016-02-06 22:34:31'),
(729, 452, 0, 1, 1, 1, '2016-02-06 22:34:38'),
(730, 459, 0, 1, 1, 1, '2016-02-06 22:34:48'),
(731, 461, 0, 1, 1, 1, '2016-02-06 22:34:53'),
(732, 464, 0, 1, 1, 1, '2016-02-06 22:35:00'),
(733, 465, 0, 1, 1, 1, '2016-02-06 22:35:03'),
(734, 455, 0, 1, 1, 1, '2016-02-06 22:35:07'),
(735, 456, 0, 1, 1, 1, '2016-02-06 22:35:25'),
(736, 468, 0, 1, 1, 1, '2016-02-06 22:40:22'),
(737, 470, 0, 0, 1, 1, '2016-02-07 20:05:20'),
(738, 471, 0, 0, 1, 1, '2016-02-07 20:05:23'),
(739, 472, 0, 0, 1, 1, '2016-02-07 20:05:27'),
(740, 473, 0, 0, 1, 1, '2016-02-07 20:05:30'),
(741, 474, 0, 0, 1, 1, '2016-02-07 20:05:33'),
(742, 475, 0, 0, 1, 1, '2016-02-07 20:05:37'),
(743, 469, 0, 0, 1, 1, '2016-02-07 20:13:57'),
(744, 471, 1, 0, 1, 1, '2016-02-07 20:28:18'),
(745, 473, 1, 0, 1, 1, '2016-02-07 20:57:38'),
(746, 475, 1, 0, 1, 1, '2016-02-07 21:08:52'),
(747, 470, 1, 0, 1, 1, '2016-02-07 21:08:56'),
(748, 476, 0, 0, 1, 1, '2016-02-13 18:40:20'),
(749, 477, 0, 0, 1, 1, '2016-02-13 18:40:57'),
(750, 478, 0, 0, 1, 1, '2016-02-13 18:41:00'),
(751, 479, 0, 0, 1, 1, '2016-02-13 18:41:04'),
(752, 480, 0, 0, 1, 1, '2016-02-13 18:41:08'),
(753, 481, 0, 0, 1, 1, '2016-02-13 18:41:11'),
(754, 482, 0, 0, 1, 1, '2016-02-13 18:41:15'),
(755, 483, 0, 0, 1, 1, '2016-02-13 18:41:19'),
(756, 484, 0, 0, 1, 1, '2016-02-13 18:41:23'),
(757, 485, 0, 0, 1, 1, '2016-02-13 18:41:26'),
(758, 486, 0, 0, 1, 1, '2016-02-13 18:41:30'),
(759, 487, 0, 0, 1, 1, '2016-02-13 18:41:33'),
(760, 488, 0, 0, 1, 1, '2016-02-13 18:55:03'),
(761, 489, 0, 0, 1, 1, '2016-02-13 19:16:27'),
(762, 477, 1, 0, 1, 1, '2016-02-13 20:02:21'),
(763, 486, 1, 0, 1, 1, '2016-02-13 20:44:34'),
(766, 490, 0, 0, 1, 1, '2016-02-13 21:31:55'),
(767, 485, 1, 0, 1, 1, '2016-02-13 21:37:01'),
(768, 485, 1, 0, 1, 1, '2016-02-13 21:37:04'),
(769, 491, 0, 0, 1, 1, '2016-02-13 21:41:28'),
(770, 483, 1, 0, 1, 1, '2016-02-13 22:09:54'),
(771, 483, 0, 1, 1, 1, '2016-02-13 22:10:32'),
(772, 484, 0, 1, 1, 1, '2016-02-13 22:10:38'),
(773, 485, 0, 1, 1, 1, '2016-02-13 22:12:24'),
(774, 489, 1, 0, 1, 1, '2016-02-13 22:13:05'),
(775, 490, 1, 0, 1, 1, '2016-02-13 22:16:07'),
(776, 477, 0, 1, 1, 1, '2016-02-13 22:17:07'),
(777, 479, 0, 1, 1, 1, '2016-02-13 22:17:11'),
(778, 482, 0, 1, 1, 1, '2016-02-13 22:18:12'),
(779, 490, 0, 1, 1, 1, '2016-02-13 22:18:38'),
(780, 478, 0, 1, 1, 1, '2016-02-13 22:19:14'),
(781, 489, 0, 1, 1, 1, '2016-02-13 22:19:48'),
(782, 476, 0, 1, 1, 1, '2016-02-13 22:19:51'),
(783, 488, 0, 1, 1, 1, '2016-02-13 22:23:34'),
(784, 481, 0, 1, 1, 1, '2016-02-13 22:31:44'),
(785, 480, 0, 1, 1, 1, '2016-02-13 22:34:20'),
(786, 492, 0, 0, 1, 1, '2016-02-20 18:21:56'),
(787, 497, 0, 0, 1, 1, '2016-02-20 18:22:14'),
(788, 493, 0, 0, 1, 1, '2016-02-20 18:33:05'),
(789, 494, 0, 0, 1, 1, '2016-02-20 18:33:09'),
(790, 495, 0, 0, 1, 1, '2016-02-20 18:34:17'),
(791, 496, 0, 0, 1, 1, '2016-02-20 18:34:21'),
(792, 498, 0, 0, 1, 1, '2016-02-20 18:35:31'),
(793, 499, 0, 0, 1, 1, '2016-02-20 18:35:35'),
(794, 500, 0, 0, 1, 1, '2016-02-20 18:35:45'),
(795, 494, 1, 0, 1, 1, '2016-02-20 19:25:27'),
(796, 501, 0, 0, 1, 1, '2016-02-20 19:31:52'),
(797, 501, 1, 0, 1, 1, '2016-02-20 19:31:55'),
(798, 501, 1, 0, 1, 1, '2016-02-20 19:47:28'),
(799, 499, 1, 0, 1, 1, '2016-02-20 20:48:01'),
(800, 502, 0, 0, 1, 1, '2016-02-20 20:54:29'),
(801, 503, 0, 0, 1, 1, '2016-02-20 20:54:33'),
(802, 503, 1, 0, 1, 1, '2016-02-20 21:05:03'),
(803, 501, 1, 0, 1, 1, '2016-02-20 21:06:09'),
(804, 496, 1, 0, 1, 1, '2016-02-20 21:24:51'),
(805, 503, 1, 0, 1, 1, '2016-02-20 21:29:54'),
(806, 496, 1, 0, 1, 1, '2016-02-20 21:34:32'),
(807, 501, 1, 0, 1, 1, '2016-02-20 21:42:59'),
(808, 494, 0, 1, 1, 1, '2016-02-20 21:58:34'),
(809, 493, 0, 1, 1, 1, '2016-02-20 21:59:11'),
(810, 501, 0, 1, 1, 1, '2016-02-20 21:59:41'),
(811, 499, 0, 1, 1, 1, '2016-02-20 21:59:52'),
(812, 496, 0, 1, 1, 1, '2016-02-20 22:00:18'),
(813, 500, 0, 1, 1, 1, '2016-02-20 22:00:22'),
(814, 495, 0, 1, 1, 1, '2016-02-20 22:01:14'),
(815, 502, 0, 1, 1, 1, '2016-02-20 22:01:18'),
(816, 504, 0, 0, 1, 1, '2016-02-20 22:03:04'),
(817, 492, 0, 1, 1, 1, '2016-02-20 22:09:13'),
(818, 505, 0, 0, 1, 1, '2016-02-27 18:53:09'),
(819, 507, 0, 0, 1, 1, '2016-02-27 18:53:12'),
(820, 508, 0, 0, 1, 1, '2016-02-27 18:53:16'),
(821, 510, 0, 0, 1, 1, '2016-02-27 18:53:18'),
(822, 511, 0, 0, 1, 1, '2016-02-27 18:53:23'),
(823, 512, 0, 0, 1, 1, '2016-02-27 18:53:29'),
(824, 513, 0, 0, 1, 1, '2016-02-27 18:53:34'),
(825, 514, 0, 0, 1, 1, '2016-02-27 18:55:16'),
(826, 511, 1, 0, 1, 1, '2016-02-27 19:44:16'),
(827, 515, 0, 0, 1, 1, '2016-02-27 19:54:50'),
(828, 516, 0, 0, 1, 1, '2016-02-27 20:07:24'),
(829, 505, 1, 0, 1, 1, '2016-02-27 20:10:56'),
(830, 506, 0, 0, 1, 1, '2016-02-27 20:15:03'),
(831, 506, 1, 0, 1, 1, '2016-02-27 20:41:59'),
(832, 509, 0, 0, 1, 1, '2016-02-27 21:17:03'),
(833, 510, 1, 0, 1, 1, '2016-02-27 21:55:16'),
(834, 516, 1, 0, 1, 1, '2016-02-27 21:55:19'),
(835, 511, 1, 0, 1, 1, '2016-02-27 22:04:03'),
(836, 511, 1, 0, 1, 1, '2016-02-27 22:17:10'),
(837, 510, 1, 0, 1, 1, '2016-02-27 22:17:16'),
(838, 510, 1, 0, 1, 1, '2016-02-27 22:17:56'),
(839, 516, 0, 1, 1, 1, '2016-02-27 22:18:18'),
(840, 506, 0, 1, 1, 1, '2016-02-27 22:18:30'),
(841, 510, 0, 1, 1, 1, '2016-02-27 22:18:45'),
(842, 512, 0, 1, 1, 1, '2016-02-27 22:19:01'),
(843, 515, 0, 1, 1, 1, '2016-02-27 22:19:14'),
(844, 509, 0, 1, 1, 1, '2016-02-27 22:19:33'),
(845, 517, 0, 0, 1, 1, '2016-03-05 18:56:35'),
(846, 518, 0, 0, 1, 1, '2016-03-05 18:56:42'),
(847, 519, 0, 0, 1, 1, '2016-03-05 18:56:48'),
(848, 520, 0, 0, 1, 1, '2016-03-05 18:56:52'),
(849, 521, 0, 0, 1, 1, '2016-03-05 18:56:55'),
(850, 522, 0, 0, 1, 1, '2016-03-05 18:56:58'),
(851, 524, 0, 0, 1, 1, '2016-03-05 18:57:06'),
(852, 523, 0, 0, 1, 1, '2016-03-05 18:57:09'),
(853, 525, 0, 0, 1, 1, '2016-03-05 18:57:14'),
(854, 526, 0, 0, 1, 1, '2016-03-05 18:57:18'),
(855, 518, 1, 0, 1, 1, '2016-03-05 19:17:05'),
(856, 527, 0, 0, 1, 1, '2016-03-05 19:45:27'),
(857, 517, 1, 0, 1, 1, '2016-03-05 19:45:33'),
(858, 528, 0, 0, 1, 1, '2016-03-05 20:05:16'),
(859, 524, 1, 0, 1, 1, '2016-03-05 21:23:45'),
(860, 528, 1, 0, 1, 1, '2016-03-05 21:31:12'),
(861, 528, 1, 0, 1, 1, '2016-03-05 21:34:49'),
(862, 521, 1, 0, 1, 1, '2016-03-05 21:40:50'),
(863, 521, 1, 0, 1, 1, '2016-03-05 21:55:52'),
(864, 520, 1, 0, 1, 1, '2016-03-05 22:04:31'),
(865, 529, 0, 0, 1, 1, '2016-03-05 22:05:54'),
(866, 521, 0, 1, 1, 1, '2016-03-05 22:06:40'),
(867, 523, 0, 1, 1, 1, '2016-03-05 22:06:55'),
(868, 529, 0, 1, 1, 1, '2016-03-05 22:07:01'),
(869, 525, 0, 1, 1, 1, '2016-03-05 22:07:18'),
(870, 526, 0, 1, 1, 1, '2016-03-05 22:07:24'),
(871, 520, 0, 1, 1, 1, '2016-03-05 22:07:32'),
(872, 517, 0, 1, 1, 1, '2016-03-05 22:09:11'),
(873, 524, 0, 1, 1, 1, '2016-03-05 22:09:33'),
(874, 528, 0, 1, 1, 1, '2016-03-05 22:09:44'),
(875, 519, 0, 1, 1, 1, '2016-03-05 22:09:55'),
(876, 522, 0, 1, 1, 1, '2016-03-05 22:10:06'),
(877, 524, 1, 0, 1, 1, '2016-03-05 22:10:35'),
(878, 517, 1, 0, 1, 1, '2016-03-05 22:32:07'),
(879, 532, 0, 0, 1, 1, '2016-03-06 15:30:44'),
(880, 534, 0, 0, 1, 1, '2016-03-06 15:31:00'),
(881, 531, 0, 0, 1, 1, '2016-03-06 15:32:06'),
(882, 536, 0, 0, 1, 1, '2016-03-06 15:32:11'),
(883, 530, 0, 0, 1, 1, '2016-03-06 15:43:02'),
(884, 533, 0, 0, 1, 1, '2016-03-06 15:54:45'),
(885, 537, 0, 0, 1, 1, '2016-03-06 15:56:47'),
(886, 535, 0, 0, 1, 1, '2016-03-06 15:56:55'),
(887, 538, 0, 0, 1, 1, '2016-03-06 16:06:35'),
(888, 538, 1, 0, 1, 1, '2016-03-06 16:38:34'),
(889, 535, 0, 1, 1, 1, '2016-03-06 17:37:02'),
(890, 534, 1, 0, 1, 1, '2016-03-06 17:47:56'),
(891, 538, 1, 0, 1, 1, '2016-03-06 17:48:15'),
(892, 535, 1, 0, 1, 1, '2016-03-06 18:03:24'),
(893, 530, 0, 1, 1, 1, '2016-03-06 18:03:45'),
(894, 531, 0, 1, 1, 1, '2016-03-06 18:03:54'),
(895, 533, 0, 1, 1, 1, '2016-03-06 18:04:02'),
(896, 536, 0, 1, 1, 1, '2016-03-06 18:05:00'),
(897, 532, 0, 1, 1, 1, '2016-03-06 18:05:11'),
(898, 537, 0, 1, 1, 1, '2016-03-06 18:05:23'),
(899, 538, 0, 1, 1, 1, '2016-03-06 18:05:31'),
(900, 534, 0, 1, 1, 1, '2016-03-06 18:05:42'),
(901, 535, 1, 0, 1, 1, '2016-03-06 18:10:51'),
(902, 539, 0, 0, 1, 1, '2016-03-12 18:18:38'),
(903, 540, 0, 0, 1, 1, '2016-03-12 18:18:41'),
(904, 542, 0, 0, 1, 1, '2016-03-12 18:24:11'),
(905, 543, 0, 0, 1, 1, '2016-03-12 18:24:17'),
(906, 544, 0, 0, 1, 1, '2016-03-12 18:28:01'),
(907, 545, 0, 0, 1, 1, '2016-03-12 18:28:04'),
(908, 546, 0, 0, 1, 1, '2016-03-12 18:44:31'),
(909, 541, 0, 0, 1, 1, '2016-03-12 18:44:34'),
(910, 547, 0, 0, 1, 1, '2016-03-12 18:45:26'),
(911, 548, 0, 0, 1, 1, '2016-03-12 18:46:29'),
(912, 549, 0, 0, 1, 1, '2016-03-12 19:14:49'),
(913, 553, 0, 0, 1, 1, '2016-03-12 19:15:25'),
(914, 554, 0, 0, 1, 1, '2016-03-12 19:48:26'),
(915, 544, 1, 0, 1, 1, '2016-03-12 20:15:59'),
(916, 555, 0, 0, 1, 1, '2016-03-12 20:29:51'),
(917, 555, 1, 0, 1, 1, '2016-03-12 20:29:57'),
(918, 549, 1, 0, 1, 1, '2016-03-12 20:42:03'),
(919, 547, 1, 0, 1, 1, '2016-03-12 20:42:10'),
(920, 539, 1, 0, 1, 1, '2016-03-12 21:20:27'),
(921, 546, 1, 0, 1, 1, '2016-03-12 21:32:39'),
(922, 555, 1, 0, 1, 1, '2016-03-12 21:32:51'),
(923, 553, 1, 0, 1, 1, '2016-03-12 21:41:01'),
(924, 546, 1, 0, 1, 1, '2016-03-12 21:47:31'),
(925, 547, 1, 0, 1, 1, '2016-03-12 21:52:40'),
(928, 540, 1, 0, 1, 1, '2016-03-12 22:18:49'),
(929, 540, 1, 0, 1, 1, '2016-03-12 22:18:55'),
(931, 549, 0, 1, 1, 1, '2016-03-12 22:25:01'),
(932, 541, 0, 1, 1, 1, '2016-03-12 22:25:10'),
(933, 548, 0, 1, 1, 1, '2016-03-12 22:25:16'),
(934, 540, 0, 1, 1, 1, '2016-03-12 22:25:21'),
(935, 543, 0, 1, 1, 1, '2016-03-12 22:25:27'),
(936, 544, 0, 1, 1, 1, '2016-03-12 22:25:40'),
(937, 546, 0, 1, 1, 1, '2016-03-12 22:25:51'),
(938, 555, 0, 1, 1, 1, '2016-03-12 22:25:55'),
(939, 549, 1, 0, 1, 1, '2016-03-12 23:28:17'),
(940, 547, 0, 1, 1, 1, '2016-03-12 23:29:59'),
(941, 560, 0, 0, 1, 1, '2016-03-26 18:13:05'),
(942, 561, 0, 0, 1, 1, '2016-03-26 18:13:10'),
(943, 562, 0, 0, 1, 1, '2016-03-26 18:13:15'),
(944, 563, 0, 0, 1, 1, '2016-03-26 18:13:20'),
(945, 564, 0, 0, 1, 1, '2016-03-26 18:14:56'),
(946, 565, 0, 0, 1, 1, '2016-03-26 18:15:16'),
(947, 559, 0, 0, 1, 1, '2016-03-26 18:15:58'),
(948, 566, 0, 0, 1, 1, '2016-03-26 18:16:58'),
(949, 567, 0, 0, 1, 1, '2016-03-26 18:26:03'),
(950, 571, 0, 0, 1, 1, '2016-03-26 18:37:06'),
(951, 572, 0, 0, 1, 1, '2016-03-26 18:37:08'),
(952, 570, 0, 0, 1, 1, '2016-03-26 18:42:57'),
(953, 569, 0, 0, 1, 1, '2016-03-26 18:50:24'),
(954, 568, 0, 0, 1, 1, '2016-03-26 18:50:30'),
(955, 561, 1, 0, 1, 1, '2016-03-26 19:16:31'),
(956, 561, 1, 0, 1, 1, '2016-03-26 19:23:04'),
(957, 573, 0, 0, 1, 1, '2016-03-26 19:39:47'),
(958, 561, 1, 0, 1, 1, '2016-03-26 20:26:40'),
(959, 563, 1, 0, 1, 1, '2016-03-26 20:35:03'),
(960, 567, 1, 0, 1, 1, '2016-03-26 21:07:48'),
(961, 569, 1, 0, 1, 1, '2016-03-26 21:16:05'),
(962, 567, 1, 0, 1, 1, '2016-03-26 21:36:02'),
(963, 559, 1, 0, 1, 1, '2016-03-26 21:50:42'),
(964, 561, 1, 0, 1, 1, '2016-03-26 21:52:18'),
(965, 571, 1, 0, 1, 1, '2016-03-26 21:58:01'),
(966, 559, 1, 0, 1, 1, '2016-03-26 22:00:05'),
(967, 564, 1, 0, 1, 1, '2016-03-26 22:04:23'),
(968, 559, 0, 1, 1, 1, '2016-03-26 22:07:42'),
(969, 569, 0, 1, 1, 1, '2016-03-26 22:08:49'),
(970, 568, 0, 1, 1, 1, '2016-03-26 22:08:54'),
(971, 571, 0, 1, 1, 1, '2016-03-26 22:09:15'),
(972, 572, 0, 1, 1, 1, '2016-03-26 22:09:19'),
(973, 561, 0, 1, 1, 1, '2016-03-26 22:09:44'),
(974, 570, 0, 1, 1, 1, '2016-03-26 22:09:49'),
(975, 564, 0, 1, 1, 1, '2016-03-26 22:11:56'),
(978, 576, 0, 0, 1, 1, '2016-04-02 18:34:50'),
(979, 577, 0, 0, 1, 1, '2016-04-02 18:46:15'),
(980, 578, 0, 0, 1, 1, '2016-04-02 18:46:23'),
(981, 584, 0, 0, 1, 1, '2016-04-02 18:46:34'),
(982, 588, 0, 0, 1, 1, '2016-04-02 18:47:16'),
(983, 587, 0, 0, 1, 1, '2016-04-02 18:47:19'),
(984, 583, 0, 0, 1, 1, '2016-04-02 18:47:23'),
(985, 586, 0, 0, 1, 1, '2016-04-02 18:47:31'),
(986, 585, 0, 0, 1, 1, '2016-04-02 18:47:42'),
(987, 579, 0, 0, 1, 1, '2016-04-02 18:48:23'),
(988, 575, 0, 0, 1, 1, '2016-04-02 18:48:26'),
(989, 580, 0, 0, 1, 1, '2016-04-02 18:49:17'),
(990, 574, 0, 0, 1, 1, '2016-04-02 19:00:55'),
(991, 584, 1, 0, 1, 1, '2016-04-02 19:10:34'),
(992, 589, 0, 0, 1, 1, '2016-04-02 19:16:43'),
(993, 585, 1, 0, 1, 1, '2016-04-02 19:28:23'),
(994, 590, 0, 0, 1, 1, '2016-04-02 19:30:43'),
(995, 591, 0, 0, 1, 1, '2016-04-02 20:49:50'),
(996, 574, 1, 0, 1, 1, '2016-04-02 21:22:27'),
(997, 589, 1, 0, 1, 1, '2016-04-02 21:24:44'),
(998, 574, 0, 1, 1, 1, '2016-04-02 22:27:13'),
(999, 587, 0, 1, 1, 1, '2016-04-02 22:28:12'),
(1000, 586, 0, 1, 1, 1, '2016-04-02 22:28:32'),
(1001, 588, 0, 1, 1, 1, '2016-04-02 22:28:46'),
(1002, 576, 0, 1, 1, 1, '2016-04-02 22:29:50'),
(1003, 580, 0, 1, 1, 1, '2016-04-02 22:30:02'),
(1004, 579, 0, 1, 1, 1, '2016-04-02 22:30:07'),
(1005, 592, 0, 0, 1, 1, '2016-04-02 22:33:10'),
(1006, 592, 1, 0, 1, 1, '2016-04-02 22:33:17'),
(1007, 577, 1, 0, 1, 1, '2016-04-02 22:33:20'),
(1008, 593, 0, 0, 1, 1, '2016-04-09 18:35:28'),
(1009, 594, 0, 0, 1, 1, '2016-04-09 18:35:30'),
(1010, 595, 0, 0, 1, 1, '2016-04-09 18:35:35'),
(1011, 596, 0, 0, 1, 1, '2016-04-09 18:35:38'),
(1012, 597, 0, 0, 1, 1, '2016-04-09 18:35:41'),
(1013, 598, 0, 0, 1, 1, '2016-04-09 18:35:45'),
(1014, 599, 0, 0, 1, 1, '2016-04-09 18:58:49'),
(1015, 599, 1, 0, 1, 1, '2016-04-09 19:47:34'),
(1016, 600, 0, 0, 1, 1, '2016-04-09 20:01:33'),
(1017, 595, 1, 0, 1, 1, '2016-04-09 20:36:01'),
(1018, 602, 0, 0, 1, 1, '2016-04-09 20:39:05'),
(1019, 601, 0, 0, 1, 1, '2016-04-09 20:39:07'),
(1020, 599, 1, 0, 1, 1, '2016-04-09 20:54:54'),
(1021, 600, 1, 0, 1, 1, '2016-04-09 21:13:56'),
(1022, 597, 1, 0, 1, 1, '2016-04-09 21:22:50'),
(1023, 598, 1, 0, 1, 1, '2016-04-09 21:27:53'),
(1024, 603, 0, 0, 1, 1, '2016-04-09 21:30:03'),
(1025, 596, 1, 0, 1, 1, '2016-04-09 22:08:00'),
(1026, 599, 1, 0, 1, 1, '2016-04-09 22:08:04'),
(1027, 603, 1, 0, 1, 1, '2016-04-09 22:12:34'),
(1028, 593, 0, 1, 1, 1, '2016-04-09 22:12:58'),
(1029, 595, 0, 1, 1, 1, '2016-04-09 22:13:01'),
(1030, 596, 0, 1, 1, 1, '2016-04-09 22:13:05'),
(1031, 597, 0, 1, 1, 1, '2016-04-09 22:13:08'),
(1032, 599, 0, 1, 1, 1, '2016-04-09 22:13:11'),
(1033, 601, 0, 1, 1, 1, '2016-04-09 22:13:15'),
(1034, 603, 0, 1, 1, 1, '2016-04-09 22:13:23'),
(1035, 601, 1, 0, 1, 1, '2016-04-09 22:15:46'),
(1036, 604, 0, 0, 1, 1, '2016-04-16 18:41:37'),
(1037, 605, 0, 0, 1, 1, '2016-04-16 18:41:41'),
(1038, 606, 0, 0, 1, 1, '2016-04-16 18:41:44'),
(1039, 607, 0, 0, 1, 1, '2016-04-16 18:41:47'),
(1040, 608, 0, 0, 1, 1, '2016-04-16 18:41:51'),
(1041, 609, 0, 0, 1, 1, '2016-04-16 18:41:55'),
(1042, 610, 0, 0, 1, 1, '2016-04-16 18:42:00'),
(1043, 611, 0, 0, 1, 1, '2016-04-16 18:42:02'),
(1044, 612, 0, 0, 1, 1, '2016-04-16 18:42:05'),
(1045, 613, 0, 0, 1, 1, '2016-04-16 18:42:08'),
(1046, 608, 1, 0, 1, 1, '2016-04-16 18:54:42'),
(1047, 605, 1, 0, 1, 1, '2016-04-16 19:03:10'),
(1048, 605, 1, 0, 1, 1, '2016-04-16 19:27:32'),
(1049, 614, 0, 0, 1, 1, '2016-04-16 19:43:41'),
(1050, 604, 1, 0, 1, 1, '2016-04-16 20:48:52'),
(1051, 611, 1, 0, 1, 1, '2016-04-16 21:01:28'),
(1052, 610, 1, 0, 1, 1, '2016-04-16 21:01:39'),
(1053, 614, 1, 0, 1, 1, '2016-04-16 21:02:44'),
(1054, 608, 1, 0, 1, 1, '2016-04-16 22:03:14'),
(1055, 604, 0, 1, 1, 1, '2016-04-16 22:03:20'),
(1056, 606, 0, 1, 1, 1, '2016-04-16 22:03:25'),
(1057, 613, 0, 1, 1, 1, '2016-04-16 22:04:00'),
(1058, 610, 0, 1, 1, 1, '2016-04-16 22:04:04'),
(1059, 615, 0, 0, 1, 1, '2016-04-16 22:08:43'),
(1060, 607, 1, 0, 1, 1, '2016-04-16 22:09:18'),
(1061, 615, 0, 1, 1, 1, '2016-04-16 22:09:27'),
(1062, 612, 0, 1, 1, 1, '2016-04-16 22:11:41'),
(1063, 616, 0, 0, 1, 1, '2016-04-16 23:00:23'),
(1064, 618, 0, 0, 1, 1, '2016-04-23 17:47:13'),
(1065, 617, 0, 0, 1, 1, '2016-04-23 17:47:15'),
(1066, 619, 0, 0, 1, 1, '2016-04-23 18:11:01'),
(1067, 620, 0, 0, 1, 1, '2016-04-23 18:11:04'),
(1068, 621, 0, 0, 1, 1, '2016-04-23 18:17:25'),
(1069, 622, 0, 0, 1, 1, '2016-04-23 18:20:46'),
(1070, 623, 0, 0, 1, 1, '2016-04-23 18:22:10'),
(1071, 624, 0, 0, 1, 1, '2016-04-23 18:27:59'),
(1072, 625, 0, 0, 1, 1, '2016-04-23 18:37:54'),
(1073, 626, 0, 0, 1, 1, '2016-04-23 19:08:09'),
(1074, 627, 0, 0, 1, 1, '2016-04-23 19:41:53'),
(1075, 628, 0, 0, 1, 1, '2016-04-23 19:41:57'),
(1076, 621, 1, 0, 1, 1, '2016-04-23 19:42:01'),
(1077, 618, 1, 0, 1, 1, '2016-04-23 19:53:07'),
(1078, 619, 1, 0, 1, 1, '2016-04-23 19:57:52'),
(1079, 625, 1, 0, 1, 1, '2016-04-23 19:57:58'),
(1080, 625, 1, 0, 1, 1, '2016-04-23 19:59:53'),
(1081, 629, 0, 0, 1, 1, '2016-04-23 20:20:08'),
(1082, 630, 0, 0, 1, 1, '2016-04-23 20:23:15'),
(1083, 631, 0, 0, 1, 1, '2016-04-23 20:23:22'),
(1084, 632, 0, 0, 1, 1, '2016-04-23 20:23:34'),
(1085, 632, 1, 0, 1, 1, '2016-04-23 20:57:33'),
(1086, 627, 1, 0, 1, 1, '2016-04-23 21:25:22'),
(1087, 632, 1, 0, 1, 1, '2016-04-23 21:37:42'),
(1088, 631, 1, 0, 1, 1, '2016-04-23 21:37:45'),
(1089, 619, 1, 0, 1, 1, '2016-04-23 21:41:38'),
(1090, 629, 0, 1, 1, 1, '2016-04-23 21:56:58'),
(1091, 625, 0, 1, 1, 1, '2016-04-23 21:57:01'),
(1092, 624, 0, 1, 1, 1, '2016-04-23 21:57:07'),
(1093, 630, 0, 1, 1, 1, '2016-04-23 21:57:11'),
(1094, 627, 0, 1, 1, 1, '2016-04-23 21:57:43'),
(1095, 628, 0, 1, 1, 1, '2016-04-23 21:57:46'),
(1096, 632, 0, 1, 1, 1, '2016-04-23 21:57:49'),
(1097, 621, 0, 1, 1, 1, '2016-04-23 21:58:21'),
(1098, 631, 0, 1, 1, 1, '2016-04-23 21:59:19'),
(1099, 619, 0, 1, 1, 1, '2016-04-23 22:00:07');

-- --------------------------------------------------------

--
-- Table structure for table `gameplayers`
--

CREATE TABLE `gameplayers` (
  `GamePlayerID` int(11) NOT NULL,
  `GameID` int(11) NOT NULL,
  `PlayerID` int(11) NOT NULL,
  `Status` int(11) NOT NULL DEFAULT '1',
  `StatusTableID` int(11) NOT NULL DEFAULT '1',
  `StatusDate` date NOT NULL
) ENGINE=InnoDB AUTO_INCREMENT=633 DEFAULT CHARSET=latin1;

--
-- Dumping data for table `gameplayers`
--

INSERT INTO `gameplayers` (`GamePlayerID`, `GameID`, `PlayerID`, `Status`, `StatusTableID`, `StatusDate`) VALUES
(1, 1, 1, 1, 1, '0000-00-00'),
(2, 1, 2, 1, 1, '2015-04-11'),
(3, 1, 3, 1, 1, '2015-04-11'),
(4, 1, 4, 1, 1, '2015-04-11'),
(5, 1, 5, 1, 1, '2015-04-11'),
(6, 1, 6, 1, 1, '2015-04-11'),
(7, 1, 7, 1, 1, '2015-04-11'),
(8, 1, 8, 1, 1, '2015-04-11'),
(9, 1, 9, 1, 1, '2015-04-11'),
(10, 1, 10, 1, 1, '2015-04-11'),
(11, 1, 11, 1, 1, '2015-04-11'),
(12, 1, 12, 1, 1, '2015-04-11'),
(20, 8, 2, 1, 1, '0000-00-00'),
(21, 8, 9, 1, 1, '0000-00-00'),
(22, 9, 1, 1, 1, '0000-00-00'),
(23, 9, 2, 1, 1, '0000-00-00'),
(24, 9, 4, 1, 1, '0000-00-00'),
(25, 9, 6, 1, 1, '0000-00-00'),
(26, 9, 7, 1, 1, '0000-00-00'),
(27, 9, 8, 1, 1, '0000-00-00'),
(28, 9, 12, 1, 1, '0000-00-00'),
(29, 9, 19, 1, 1, '0000-00-00'),
(30, 10, 2, 1, 1, '0000-00-00'),
(31, 10, 1, 1, 1, '0000-00-00'),
(32, 10, 6, 1, 1, '0000-00-00'),
(33, 10, 4, 1, 1, '0000-00-00'),
(34, 10, 22, 1, 1, '0000-00-00'),
(35, 10, 23, 1, 1, '0000-00-00'),
(36, 10, 20, 1, 1, '0000-00-00'),
(37, 10, 24, 1, 1, '0000-00-00'),
(38, 10, 19, 1, 1, '0000-00-00'),
(39, 10, 25, 1, 1, '0000-00-00'),
(40, 11, 1, 1, 1, '0000-00-00'),
(41, 11, 4, 1, 1, '0000-00-00'),
(42, 11, 5, 1, 1, '0000-00-00'),
(43, 11, 26, 1, 1, '0000-00-00'),
(44, 11, 22, 1, 1, '0000-00-00'),
(45, 11, 27, 1, 1, '0000-00-00'),
(46, 11, 28, 1, 1, '0000-00-00'),
(47, 11, 2, 1, 1, '0000-00-00'),
(48, 11, 11, 1, 1, '0000-00-00'),
(49, 12, 5, 1, 1, '0000-00-00'),
(50, 12, 2, 1, 1, '0000-00-00'),
(51, 12, 1, 1, 1, '0000-00-00'),
(52, 12, 4, 1, 1, '0000-00-00'),
(53, 12, 13, 1, 1, '0000-00-00'),
(54, 13, 1, 1, 1, '0000-00-00'),
(81, 13, 6, 1, 1, '0000-00-00'),
(82, 13, 7, 1, 1, '0000-00-00'),
(83, 13, 17, 1, 1, '0000-00-00'),
(84, 13, 18, 1, 1, '0000-00-00'),
(85, 13, 13, 1, 1, '0000-00-00'),
(86, 13, 19, 1, 1, '0000-00-00'),
(87, 13, 11, 1, 1, '0000-00-00'),
(88, 13, 10, 1, 1, '0000-00-00'),
(89, 13, 15, 1, 1, '0000-00-00'),
(90, 13, 12, 1, 1, '0000-00-00'),
(91, 14, 1, 1, 1, '0000-00-00'),
(92, 14, 4, 1, 1, '0000-00-00'),
(93, 14, 2, 1, 1, '0000-00-00'),
(94, 14, 5, 1, 1, '0000-00-00'),
(95, 14, 12, 1, 1, '0000-00-00'),
(96, 14, 19, 1, 1, '0000-00-00'),
(97, 14, 26, 1, 1, '0000-00-00'),
(98, 15, 1, 1, 1, '0000-00-00'),
(99, 15, 5, 1, 1, '0000-00-00'),
(100, 15, 2, 1, 1, '0000-00-00'),
(101, 15, 6, 1, 1, '0000-00-00'),
(102, 15, 12, 1, 1, '0000-00-00'),
(103, 15, 29, 1, 1, '0000-00-00'),
(104, 15, 30, 1, 1, '0000-00-00'),
(105, 15, 31, 1, 1, '0000-00-00'),
(106, 15, 32, 1, 1, '0000-00-00'),
(107, 16, 2, 1, 1, '0000-00-00'),
(108, 16, 1, 1, 1, '0000-00-00'),
(109, 16, 26, 1, 1, '0000-00-00'),
(110, 16, 33, 1, 1, '0000-00-00'),
(111, 16, 34, 1, 1, '0000-00-00'),
(112, 16, 35, 1, 1, '0000-00-00'),
(113, 16, 5, 1, 1, '0000-00-00'),
(114, 16, 19, 1, 1, '0000-00-00'),
(115, 16, 6, 1, 1, '0000-00-00'),
(116, 16, 8, 1, 1, '0000-00-00'),
(117, 16, 7, 1, 1, '0000-00-00'),
(118, 16, 9, 1, 1, '0000-00-00'),
(119, 17, 1, 1, 1, '0000-00-00'),
(120, 17, 2, 1, 1, '0000-00-00'),
(121, 17, 5, 1, 1, '0000-00-00'),
(122, 17, 12, 1, 1, '0000-00-00'),
(123, 17, 22, 1, 1, '0000-00-00'),
(124, 17, 27, 1, 1, '0000-00-00'),
(125, 17, 36, 1, 1, '0000-00-00'),
(126, 17, 37, 1, 1, '0000-00-00'),
(127, 17, 38, 1, 1, '0000-00-00'),
(128, 17, 6, 1, 1, '0000-00-00'),
(129, 17, 9, 1, 1, '0000-00-00'),
(130, 18, 2, 1, 1, '0000-00-00'),
(131, 18, 6, 1, 1, '0000-00-00'),
(132, 18, 1, 1, 1, '0000-00-00'),
(133, 18, 9, 1, 1, '0000-00-00'),
(134, 18, 10, 1, 1, '0000-00-00'),
(135, 18, 4, 1, 1, '0000-00-00'),
(136, 18, 19, 1, 1, '0000-00-00'),
(137, 18, 25, 1, 1, '0000-00-00'),
(138, 19, 1, 1, 1, '0000-00-00'),
(139, 19, 2, 1, 1, '0000-00-00'),
(140, 19, 5, 1, 1, '0000-00-00'),
(141, 19, 6, 1, 1, '0000-00-00'),
(142, 19, 12, 1, 1, '0000-00-00'),
(143, 19, 39, 1, 1, '0000-00-00'),
(144, 19, 40, 1, 1, '0000-00-00'),
(145, 19, 41, 1, 1, '0000-00-00'),
(146, 19, 42, 1, 1, '0000-00-00'),
(147, 19, 43, 1, 1, '0000-00-00'),
(148, 20, 19, 1, 1, '0000-00-00'),
(149, 20, 1, 1, 1, '0000-00-00'),
(150, 20, 5, 1, 1, '0000-00-00'),
(151, 20, 6, 1, 1, '0000-00-00'),
(152, 20, 2, 1, 1, '0000-00-00'),
(153, 20, 31, 1, 1, '0000-00-00'),
(154, 20, 32, 1, 1, '0000-00-00'),
(155, 20, 36, 1, 1, '0000-00-00'),
(156, 20, 44, 1, 1, '0000-00-00'),
(157, 20, 39, 1, 1, '0000-00-00'),
(158, 20, 12, 1, 1, '0000-00-00'),
(159, 21, 1, 1, 1, '0000-00-00'),
(160, 21, 2, 1, 1, '0000-00-00'),
(161, 21, 5, 1, 1, '0000-00-00'),
(162, 21, 6, 1, 1, '0000-00-00'),
(163, 21, 9, 1, 1, '0000-00-00'),
(164, 21, 11, 1, 1, '0000-00-00'),
(165, 21, 30, 1, 1, '0000-00-00'),
(166, 21, 37, 1, 1, '0000-00-00'),
(167, 21, 38, 1, 1, '0000-00-00'),
(168, 21, 32, 1, 1, '0000-00-00'),
(169, 21, 45, 1, 1, '0000-00-00'),
(170, 21, 43, 1, 1, '0000-00-00'),
(171, 21, 31, 1, 1, '0000-00-00'),
(172, 22, 4, 1, 1, '0000-00-00'),
(173, 22, 1, 1, 1, '0000-00-00'),
(174, 22, 2, 1, 1, '0000-00-00'),
(175, 22, 6, 1, 1, '0000-00-00'),
(176, 22, 5, 1, 1, '0000-00-00'),
(177, 22, 19, 1, 1, '0000-00-00'),
(178, 22, 26, 1, 1, '0000-00-00'),
(179, 22, 32, 1, 1, '0000-00-00'),
(180, 22, 45, 1, 1, '0000-00-00'),
(181, 22, 46, 1, 1, '0000-00-00'),
(182, 22, 12, 1, 1, '0000-00-00'),
(183, 22, 47, 1, 1, '0000-00-00'),
(184, 23, 27, 1, 1, '0000-00-00'),
(185, 23, 1, 1, 1, '0000-00-00'),
(186, 23, 28, 1, 1, '0000-00-00'),
(187, 23, 48, 1, 1, '0000-00-00'),
(188, 23, 49, 1, 1, '0000-00-00'),
(189, 23, 50, 1, 1, '0000-00-00'),
(190, 23, 2, 1, 1, '0000-00-00'),
(191, 24, 36, 1, 1, '0000-00-00'),
(192, 24, 1, 1, 1, '0000-00-00'),
(193, 24, 45, 1, 1, '0000-00-00'),
(194, 24, 37, 1, 1, '0000-00-00'),
(195, 24, 5, 1, 1, '0000-00-00'),
(196, 24, 4, 1, 1, '0000-00-00'),
(197, 24, 32, 1, 1, '0000-00-00'),
(198, 24, 2, 1, 1, '0000-00-00'),
(199, 24, 51, 1, 1, '0000-00-00'),
(200, 24, 38, 1, 1, '0000-00-00'),
(201, 24, 19, 1, 1, '0000-00-00'),
(202, 24, 52, 1, 1, '0000-00-00'),
(203, 24, 53, 1, 1, '0000-00-00'),
(204, 24, 12, 1, 1, '0000-00-00'),
(205, 26, 1, 1, 1, '0000-00-00'),
(206, 26, 2, 1, 1, '0000-00-00'),
(207, 27, 1, 1, 1, '0000-00-00'),
(208, 27, 2, 1, 1, '0000-00-00'),
(209, 27, 3, 1, 1, '0000-00-00'),
(210, 27, 5, 1, 1, '0000-00-00'),
(211, 27, 4, 1, 1, '0000-00-00'),
(212, 27, 6, 1, 1, '0000-00-00'),
(213, 27, 7, 1, 1, '0000-00-00'),
(214, 27, 8, 1, 1, '0000-00-00'),
(215, 27, 9, 1, 1, '0000-00-00'),
(216, 27, 10, 1, 1, '0000-00-00'),
(217, 28, 1, 1, 1, '0000-00-00'),
(218, 28, 2, 1, 1, '0000-00-00'),
(219, 28, 6, 1, 1, '0000-00-00'),
(220, 28, 7, 1, 1, '0000-00-00'),
(221, 28, 8, 1, 1, '0000-00-00'),
(222, 28, 12, 1, 1, '0000-00-00'),
(223, 28, 26, 1, 1, '0000-00-00'),
(224, 28, 36, 1, 1, '0000-00-00'),
(225, 28, 29, 1, 1, '0000-00-00'),
(226, 29, 7, 1, 1, '0000-00-00'),
(227, 29, 2, 1, 1, '0000-00-00'),
(228, 29, 1, 1, 1, '0000-00-00'),
(229, 29, 6, 1, 1, '0000-00-00'),
(230, 29, 8, 1, 1, '0000-00-00'),
(231, 29, 5, 1, 1, '0000-00-00'),
(232, 29, 19, 1, 1, '0000-00-00'),
(233, 29, 36, 1, 1, '0000-00-00'),
(234, 29, 37, 1, 1, '0000-00-00'),
(235, 29, 38, 1, 1, '0000-00-00'),
(236, 29, 51, 1, 1, '0000-00-00'),
(237, 29, 54, 1, 1, '0000-00-00'),
(238, 29, 55, 1, 1, '0000-00-00'),
(239, 29, 56, 1, 1, '0000-00-00'),
(240, 29, 57, 1, 1, '0000-00-00'),
(241, 30, 1, 1, 1, '0000-00-00'),
(242, 30, 2, 1, 1, '0000-00-00'),
(243, 30, 9, 1, 1, '0000-00-00'),
(244, 30, 37, 1, 1, '0000-00-00'),
(245, 30, 38, 1, 1, '0000-00-00'),
(246, 30, 6, 1, 1, '0000-00-00'),
(247, 30, 36, 1, 1, '0000-00-00'),
(248, 30, 10, 1, 1, '0000-00-00'),
(249, 30, 55, 1, 1, '0000-00-00'),
(250, 30, 56, 1, 1, '0000-00-00'),
(251, 30, 58, 1, 1, '0000-00-00'),
(252, 30, 59, 1, 1, '0000-00-00'),
(253, 30, 60, 1, 1, '0000-00-00'),
(254, 30, 61, 1, 1, '0000-00-00'),
(255, 30, 25, 1, 1, '0000-00-00'),
(256, 30, 27, 1, 1, '0000-00-00'),
(257, 31, 1, 1, 1, '0000-00-00'),
(258, 31, 6, 1, 1, '0000-00-00'),
(259, 31, 5, 1, 1, '0000-00-00'),
(260, 31, 12, 1, 1, '0000-00-00'),
(261, 31, 54, 1, 1, '0000-00-00'),
(262, 31, 55, 1, 1, '0000-00-00'),
(263, 31, 62, 1, 1, '0000-00-00'),
(264, 31, 37, 1, 1, '0000-00-00'),
(265, 31, 19, 1, 1, '0000-00-00'),
(266, 31, 36, 1, 1, '0000-00-00'),
(267, 31, 58, 1, 1, '0000-00-00'),
(268, 31, 56, 1, 1, '0000-00-00'),
(269, 32, 6, 1, 1, '0000-00-00'),
(270, 32, 5, 1, 1, '0000-00-00'),
(271, 32, 4, 1, 1, '0000-00-00'),
(272, 32, 2, 1, 1, '0000-00-00'),
(273, 32, 3, 1, 1, '0000-00-00'),
(274, 32, 8, 1, 1, '0000-00-00'),
(275, 32, 9, 1, 1, '0000-00-00'),
(276, 32, 1, 1, 1, '0000-00-00'),
(277, 32, 7, 1, 1, '0000-00-00'),
(278, 33, 1, 1, 1, '0000-00-00'),
(279, 33, 6, 1, 1, '0000-00-00'),
(280, 33, 63, 1, 1, '0000-00-00'),
(281, 33, 8, 1, 1, '0000-00-00'),
(282, 33, 36, 1, 1, '0000-00-00'),
(283, 33, 37, 1, 1, '0000-00-00'),
(284, 33, 38, 1, 1, '0000-00-00'),
(285, 33, 51, 1, 1, '0000-00-00'),
(286, 33, 58, 1, 1, '0000-00-00'),
(287, 33, 4, 1, 1, '0000-00-00'),
(288, 33, 19, 1, 1, '0000-00-00'),
(289, 33, 5, 1, 1, '0000-00-00'),
(290, 33, 30, 1, 1, '0000-00-00'),
(291, 34, 1, 1, 1, '0000-00-00'),
(292, 34, 6, 1, 1, '0000-00-00'),
(293, 34, 64, 1, 1, '0000-00-00'),
(294, 34, 32, 1, 1, '0000-00-00'),
(295, 34, 65, 1, 1, '0000-00-00'),
(296, 34, 27, 1, 1, '0000-00-00'),
(297, 34, 29, 1, 1, '0000-00-00'),
(298, 34, 66, 1, 1, '0000-00-00'),
(299, 34, 19, 1, 1, '0000-00-00'),
(300, 34, 31, 1, 1, '0000-00-00'),
(301, 34, 9, 1, 1, '0000-00-00'),
(302, 34, 10, 1, 1, '0000-00-00'),
(303, 34, 38, 1, 1, '0000-00-00'),
(304, 34, 37, 1, 1, '0000-00-00'),
(305, 34, 56, 1, 1, '0000-00-00'),
(306, 34, 5, 1, 1, '0000-00-00'),
(307, 34, 58, 1, 1, '0000-00-00'),
(308, 34, 7, 1, 1, '0000-00-00'),
(309, 34, 8, 1, 1, '0000-00-00'),
(310, 34, 12, 1, 1, '0000-00-00'),
(311, 35, 37, 1, 1, '0000-00-00'),
(312, 35, 6, 1, 1, '0000-00-00'),
(313, 35, 1, 1, 1, '0000-00-00'),
(314, 35, 32, 1, 1, '0000-00-00'),
(315, 35, 29, 1, 1, '0000-00-00'),
(316, 35, 9, 1, 1, '0000-00-00'),
(317, 35, 51, 1, 1, '0000-00-00'),
(318, 35, 56, 1, 1, '0000-00-00'),
(319, 35, 66, 1, 1, '0000-00-00'),
(320, 35, 64, 1, 1, '0000-00-00'),
(321, 35, 2, 1, 1, '0000-00-00'),
(322, 36, 1, 1, 1, '0000-00-00'),
(323, 36, 2, 1, 1, '0000-00-00'),
(324, 36, 5, 1, 1, '0000-00-00'),
(325, 36, 55, 1, 1, '0000-00-00'),
(326, 36, 56, 1, 1, '0000-00-00'),
(327, 36, 58, 1, 1, '0000-00-00'),
(328, 37, 1, 1, 1, '0000-00-00'),
(329, 37, 2, 1, 1, '0000-00-00'),
(330, 37, 5, 1, 1, '0000-00-00'),
(331, 37, 55, 1, 1, '0000-00-00'),
(332, 37, 56, 1, 1, '0000-00-00'),
(333, 37, 58, 1, 1, '0000-00-00'),
(334, 38, 1, 1, 1, '0000-00-00'),
(335, 38, 2, 1, 1, '0000-00-00'),
(336, 38, 22, 1, 1, '0000-00-00'),
(337, 38, 28, 1, 1, '0000-00-00'),
(338, 38, 38, 1, 1, '0000-00-00'),
(339, 38, 37, 1, 1, '0000-00-00'),
(340, 39, 1, 1, 1, '0000-00-00'),
(341, 39, 2, 1, 1, '0000-00-00'),
(342, 39, 5, 1, 1, '0000-00-00'),
(343, 39, 12, 1, 1, '0000-00-00'),
(344, 39, 36, 1, 1, '0000-00-00'),
(345, 39, 37, 1, 1, '0000-00-00'),
(346, 39, 67, 1, 1, '0000-00-00'),
(347, 40, 1, 1, 1, '0000-00-00'),
(348, 40, 4, 1, 1, '0000-00-00'),
(349, 40, 6, 1, 1, '0000-00-00'),
(350, 40, 36, 1, 1, '0000-00-00'),
(351, 40, 37, 1, 1, '0000-00-00'),
(352, 40, 38, 1, 1, '0000-00-00'),
(353, 40, 58, 1, 1, '0000-00-00'),
(354, 40, 32, 1, 1, '0000-00-00'),
(355, 40, 68, 1, 1, '0000-00-00'),
(356, 40, 3, 1, 1, '0000-00-00'),
(357, 41, 1, 1, 1, '0000-00-00'),
(358, 41, 26, 1, 1, '0000-00-00'),
(359, 41, 9, 1, 1, '0000-00-00'),
(360, 41, 5, 1, 1, '0000-00-00'),
(361, 41, 37, 1, 1, '0000-00-00'),
(362, 41, 36, 1, 1, '0000-00-00'),
(363, 41, 69, 1, 1, '0000-00-00'),
(364, 42, 32, 1, 1, '0000-00-00'),
(365, 42, 66, 1, 1, '0000-00-00'),
(366, 42, 1, 1, 1, '0000-00-00'),
(367, 42, 6, 1, 1, '0000-00-00'),
(368, 42, 36, 1, 1, '0000-00-00'),
(369, 42, 37, 1, 1, '0000-00-00'),
(370, 42, 30, 1, 1, '0000-00-00'),
(371, 42, 9, 1, 1, '0000-00-00'),
(372, 42, 58, 1, 1, '0000-00-00'),
(373, 43, 1, 1, 1, '0000-00-00'),
(374, 43, 36, 1, 1, '0000-00-00'),
(375, 43, 5, 1, 1, '0000-00-00'),
(376, 43, 12, 1, 1, '0000-00-00'),
(377, 43, 37, 1, 1, '0000-00-00'),
(378, 44, 6, 1, 1, '0000-00-00'),
(379, 44, 5, 1, 1, '0000-00-00'),
(380, 44, 1, 1, 1, '0000-00-00'),
(381, 44, 36, 1, 1, '0000-00-00'),
(382, 44, 10, 1, 1, '0000-00-00'),
(383, 44, 9, 1, 1, '0000-00-00'),
(384, 44, 58, 1, 1, '0000-00-00'),
(385, 44, 19, 1, 1, '0000-00-00'),
(386, 44, 70, 1, 1, '0000-00-00'),
(387, 44, 66, 1, 1, '0000-00-00'),
(388, 44, 37, 1, 1, '0000-00-00'),
(389, 44, 12, 1, 1, '0000-00-00'),
(390, 46, 1, 1, 1, '0000-00-00'),
(391, 46, 9, 1, 1, '0000-00-00'),
(392, 46, 10, 1, 1, '0000-00-00'),
(393, 46, 36, 1, 1, '0000-00-00'),
(394, 46, 37, 1, 1, '0000-00-00'),
(395, 46, 58, 1, 1, '0000-00-00'),
(396, 46, 67, 1, 1, '0000-00-00'),
(397, 46, 27, 1, 1, '0000-00-00'),
(398, 47, 1, 1, 1, '0000-00-00'),
(399, 47, 9, 1, 1, '0000-00-00'),
(400, 47, 10, 1, 1, '0000-00-00'),
(401, 47, 58, 1, 1, '0000-00-00'),
(402, 47, 36, 1, 1, '0000-00-00'),
(403, 47, 6, 1, 1, '0000-00-00'),
(404, 47, 37, 1, 1, '0000-00-00'),
(405, 47, 38, 1, 1, '0000-00-00'),
(406, 48, 1, 1, 1, '0000-00-00'),
(407, 48, 5, 1, 1, '0000-00-00'),
(408, 48, 68, 1, 1, '0000-00-00'),
(409, 48, 71, 1, 1, '0000-00-00'),
(410, 48, 37, 1, 1, '0000-00-00'),
(411, 48, 38, 1, 1, '0000-00-00'),
(412, 48, 19, 1, 1, '0000-00-00'),
(413, 48, 36, 1, 1, '0000-00-00'),
(414, 48, 6, 1, 1, '0000-00-00'),
(415, 48, 58, 1, 1, '0000-00-00'),
(416, 48, 12, 1, 1, '0000-00-00'),
(417, 49, 1, 1, 1, '0000-00-00'),
(418, 49, 36, 1, 1, '0000-00-00'),
(419, 49, 5, 1, 1, '0000-00-00'),
(420, 49, 55, 1, 1, '0000-00-00'),
(421, 49, 56, 1, 1, '0000-00-00'),
(422, 49, 58, 1, 1, '0000-00-00'),
(423, 49, 9, 1, 1, '0000-00-00'),
(424, 49, 10, 1, 1, '0000-00-00'),
(425, 49, 72, 1, 1, '0000-00-00'),
(426, 49, 2, 1, 1, '0000-00-00'),
(427, 49, 37, 1, 1, '0000-00-00'),
(428, 49, 38, 1, 1, '0000-00-00'),
(429, 49, 73, 1, 1, '0000-00-00'),
(430, 49, 12, 1, 1, '0000-00-00'),
(431, 50, 1, 1, 1, '0000-00-00'),
(432, 50, 9, 1, 1, '0000-00-00'),
(433, 50, 10, 1, 1, '0000-00-00'),
(434, 50, 19, 1, 1, '0000-00-00'),
(435, 50, 36, 1, 1, '0000-00-00'),
(436, 50, 37, 1, 1, '0000-00-00'),
(437, 50, 58, 1, 1, '0000-00-00'),
(438, 50, 74, 1, 1, '0000-00-00'),
(439, 50, 6, 1, 1, '0000-00-00'),
(440, 50, 22, 1, 1, '0000-00-00'),
(441, 50, 12, 1, 1, '0000-00-00'),
(442, 50, 5, 1, 1, '0000-00-00'),
(443, 51, 1, 1, 1, '0000-00-00'),
(444, 51, 5, 1, 1, '0000-00-00'),
(445, 51, 22, 1, 1, '0000-00-00'),
(446, 51, 36, 1, 1, '0000-00-00'),
(447, 51, 37, 1, 1, '0000-00-00'),
(448, 51, 56, 1, 1, '0000-00-00'),
(449, 51, 58, 1, 1, '0000-00-00'),
(450, 51, 9, 1, 1, '0000-00-00'),
(451, 51, 55, 1, 1, '0000-00-00'),
(452, 52, 1, 1, 1, '0000-00-00'),
(453, 52, 5, 1, 1, '0000-00-00'),
(454, 52, 6, 1, 1, '0000-00-00'),
(455, 52, 9, 1, 1, '0000-00-00'),
(456, 52, 10, 1, 1, '0000-00-00'),
(457, 52, 36, 1, 1, '0000-00-00'),
(458, 52, 37, 1, 1, '0000-00-00'),
(459, 52, 56, 1, 1, '0000-00-00'),
(460, 52, 58, 1, 1, '0000-00-00'),
(461, 52, 67, 1, 1, '0000-00-00'),
(462, 52, 75, 1, 1, '0000-00-00'),
(463, 52, 22, 1, 1, '0000-00-00'),
(464, 52, 76, 1, 1, '0000-00-00'),
(465, 52, 77, 1, 1, '0000-00-00'),
(466, 52, 19, 1, 1, '0000-00-00'),
(467, 52, 27, 1, 1, '0000-00-00'),
(468, 52, 55, 1, 1, '0000-00-00'),
(469, 53, 28, 1, 1, '0000-00-00'),
(470, 53, 36, 1, 1, '0000-00-00'),
(471, 53, 58, 1, 1, '0000-00-00'),
(472, 53, 1, 1, 1, '0000-00-00'),
(473, 53, 22, 1, 1, '0000-00-00'),
(474, 53, 37, 1, 1, '0000-00-00'),
(475, 53, 62, 1, 1, '0000-00-00'),
(476, 54, 9, 1, 1, '0000-00-00'),
(477, 54, 1, 1, 1, '0000-00-00'),
(478, 54, 10, 1, 1, '0000-00-00'),
(479, 54, 5, 1, 1, '0000-00-00'),
(480, 54, 12, 1, 1, '0000-00-00'),
(481, 54, 37, 1, 1, '0000-00-00'),
(482, 54, 36, 1, 1, '0000-00-00'),
(483, 54, 55, 1, 1, '0000-00-00'),
(484, 54, 56, 1, 1, '0000-00-00'),
(485, 54, 58, 1, 1, '0000-00-00'),
(486, 54, 77, 1, 1, '0000-00-00'),
(487, 54, 78, 1, 1, '0000-00-00'),
(488, 54, 72, 1, 1, '0000-00-00'),
(489, 54, 75, 1, 1, '0000-00-00'),
(490, 54, 54, 1, 1, '0000-00-00'),
(491, 54, 79, 1, 1, '0000-00-00'),
(492, 55, 9, 1, 1, '0000-00-00'),
(493, 55, 36, 1, 1, '0000-00-00'),
(494, 55, 1, 1, 1, '0000-00-00'),
(495, 55, 37, 1, 1, '0000-00-00'),
(496, 55, 56, 1, 1, '0000-00-00'),
(497, 55, 6, 1, 1, '0000-00-00'),
(498, 55, 19, 1, 1, '0000-00-00'),
(499, 55, 65, 1, 1, '0000-00-00'),
(500, 55, 75, 1, 1, '0000-00-00'),
(501, 55, 22, 1, 1, '0000-00-00'),
(502, 55, 79, 1, 1, '0000-00-00'),
(503, 55, 80, 1, 1, '0000-00-00'),
(504, 55, 12, 1, 1, '0000-00-00'),
(505, 56, 1, 1, 1, '0000-00-00'),
(506, 56, 5, 1, 1, '0000-00-00'),
(507, 56, 10, 1, 1, '0000-00-00'),
(508, 56, 12, 1, 1, '0000-00-00'),
(509, 56, 36, 1, 1, '0000-00-00'),
(510, 56, 56, 1, 1, '0000-00-00'),
(511, 56, 58, 1, 1, '0000-00-00'),
(512, 56, 81, 1, 1, '0000-00-00'),
(513, 56, 75, 1, 1, '0000-00-00'),
(514, 56, 9, 1, 1, '0000-00-00'),
(515, 56, 55, 1, 1, '0000-00-00'),
(516, 56, 41, 1, 1, '0000-00-00'),
(517, 57, 1, 1, 1, '0000-00-00'),
(518, 57, 6, 1, 1, '0000-00-00'),
(519, 57, 9, 1, 1, '0000-00-00'),
(520, 57, 10, 1, 1, '0000-00-00'),
(521, 57, 36, 1, 1, '0000-00-00'),
(522, 57, 37, 1, 1, '0000-00-00'),
(523, 57, 56, 1, 1, '0000-00-00'),
(524, 57, 58, 1, 1, '0000-00-00'),
(525, 57, 76, 1, 1, '0000-00-00'),
(526, 57, 82, 1, 1, '0000-00-00'),
(527, 57, 19, 1, 1, '0000-00-00'),
(528, 57, 5, 1, 1, '0000-00-00'),
(529, 57, 55, 1, 1, '0000-00-00'),
(530, 58, 1, 1, 1, '0000-00-00'),
(531, 58, 9, 1, 1, '0000-00-00'),
(532, 58, 10, 1, 1, '0000-00-00'),
(533, 58, 36, 1, 1, '0000-00-00'),
(534, 58, 58, 1, 1, '0000-00-00'),
(535, 58, 77, 1, 1, '0000-00-00'),
(536, 58, 83, 1, 1, '0000-00-00'),
(537, 58, 28, 1, 1, '0000-00-00'),
(538, 58, 22, 1, 1, '0000-00-00'),
(539, 59, 37, 1, 1, '0000-00-00'),
(540, 59, 1, 1, 1, '0000-00-00'),
(541, 59, 56, 1, 1, '0000-00-00'),
(542, 59, 75, 1, 1, '0000-00-00'),
(543, 59, 58, 1, 1, '0000-00-00'),
(544, 59, 9, 1, 1, '0000-00-00'),
(545, 59, 10, 1, 1, '0000-00-00'),
(546, 59, 84, 1, 1, '0000-00-00'),
(547, 59, 36, 1, 1, '0000-00-00'),
(548, 59, 55, 1, 1, '0000-00-00'),
(549, 59, 85, 1, 1, '0000-00-00'),
(553, 59, 89, 1, 1, '0000-00-00'),
(554, 59, 90, 1, 1, '0000-00-00'),
(555, 59, 72, 1, 1, '0000-00-00'),
(556, 60, 9, 1, 1, '0000-00-00'),
(557, 60, 1, 1, 1, '0000-00-00'),
(558, 60, 6, 1, 1, '0000-00-00'),
(559, 61, 1, 1, 1, '0000-00-00'),
(560, 61, 6, 1, 1, '0000-00-00'),
(561, 61, 9, 1, 1, '0000-00-00'),
(562, 61, 32, 1, 1, '0000-00-00'),
(563, 61, 45, 1, 1, '0000-00-00'),
(564, 61, 36, 1, 1, '0000-00-00'),
(565, 61, 64, 1, 1, '0000-00-00'),
(566, 61, 2, 1, 1, '0000-00-00'),
(567, 61, 75, 1, 1, '0000-00-00'),
(568, 61, 55, 1, 1, '0000-00-00'),
(569, 61, 56, 1, 1, '0000-00-00'),
(570, 61, 5, 1, 1, '0000-00-00'),
(571, 61, 58, 1, 1, '0000-00-00'),
(572, 61, 62, 1, 1, '0000-00-00'),
(573, 61, 19, 1, 1, '0000-00-00'),
(574, 62, 1, 1, 1, '0000-00-00'),
(575, 62, 10, 1, 1, '0000-00-00'),
(576, 62, 36, 1, 1, '0000-00-00'),
(577, 62, 37, 1, 1, '0000-00-00'),
(578, 62, 89, 1, 1, '0000-00-00'),
(579, 62, 55, 1, 1, '0000-00-00'),
(580, 62, 56, 1, 1, '0000-00-00'),
(583, 62, 51, 1, 1, '0000-00-00'),
(584, 62, 27, 1, 1, '0000-00-00'),
(585, 62, 58, 1, 1, '0000-00-00'),
(586, 62, 67, 1, 1, '0000-00-00'),
(587, 62, 76, 1, 1, '0000-00-00'),
(588, 62, 75, 1, 1, '0000-00-00'),
(589, 62, 25, 1, 1, '0000-00-00'),
(590, 62, 6, 1, 1, '0000-00-00'),
(591, 62, 9, 1, 1, '0000-00-00'),
(592, 62, 5, 1, 1, '0000-00-00'),
(593, 63, 1, 1, 1, '0000-00-00'),
(594, 63, 19, 1, 1, '0000-00-00'),
(595, 63, 56, 1, 1, '0000-00-00'),
(596, 63, 67, 1, 1, '0000-00-00'),
(597, 63, 76, 1, 1, '0000-00-00'),
(598, 63, 10, 1, 1, '0000-00-00'),
(599, 63, 36, 1, 1, '0000-00-00'),
(600, 63, 9, 1, 1, '0000-00-00'),
(601, 63, 55, 1, 1, '0000-00-00'),
(602, 63, 58, 1, 1, '0000-00-00'),
(603, 63, 75, 1, 1, '0000-00-00'),
(604, 64, 1, 1, 1, '0000-00-00'),
(605, 64, 6, 1, 1, '0000-00-00'),
(606, 64, 56, 1, 1, '0000-00-00'),
(607, 64, 10, 1, 1, '0000-00-00'),
(608, 64, 9, 1, 1, '0000-00-00'),
(609, 64, 65, 1, 1, '0000-00-00'),
(610, 64, 75, 1, 1, '0000-00-00'),
(611, 64, 89, 1, 1, '0000-00-00'),
(612, 64, 91, 1, 1, '0000-00-00'),
(613, 64, 58, 1, 1, '0000-00-00'),
(614, 64, 92, 1, 1, '0000-00-00'),
(615, 64, 55, 1, 1, '0000-00-00'),
(616, 64, 37, 1, 1, '0000-00-00'),
(617, 65, 1, 1, 1, '0000-00-00'),
(618, 65, 65, 1, 1, '0000-00-00'),
(619, 65, 5, 1, 1, '0000-00-00'),
(620, 65, 37, 1, 1, '0000-00-00'),
(621, 65, 26, 1, 1, '0000-00-00'),
(622, 65, 6, 1, 1, '0000-00-00'),
(623, 65, 19, 1, 1, '0000-00-00'),
(624, 65, 36, 1, 1, '0000-00-00'),
(625, 65, 56, 1, 1, '0000-00-00'),
(626, 65, 27, 1, 1, '0000-00-00'),
(627, 65, 79, 1, 1, '0000-00-00'),
(628, 65, 80, 1, 1, '0000-00-00'),
(629, 65, 55, 1, 1, '0000-00-00'),
(630, 65, 75, 1, 1, '0000-00-00'),
(631, 65, 93, 1, 1, '0000-00-00'),
(632, 65, 58, 1, 1, '0000-00-00');

-- --------------------------------------------------------

--
-- Table structure for table `games`
--

CREATE TABLE `games` (
  `GameID` int(11) NOT NULL,
  `Date` date NOT NULL,
  `BlindIncrementID` int(11) NOT NULL,
  `BuyInID` int(11) NOT NULL,
  `EndOfRebuy` time DEFAULT NULL,
  `BeginningStack` int(11) NOT NULL,
  `BumpCost` int(11) DEFAULT NULL,
  `BumpStack` int(11) DEFAULT NULL,
  `Status` int(11) NOT NULL DEFAULT '1',
  `StatusTableID` int(11) NOT NULL DEFAULT '1',
  `StatusDate` date NOT NULL
) ENGINE=InnoDB AUTO_INCREMENT=66 DEFAULT CHARSET=latin1;

--
-- Dumping data for table `games`
--

INSERT INTO `games` (`GameID`, `Date`, `BlindIncrementID`, `BuyInID`, `EndOfRebuy`, `BeginningStack`, `BumpCost`, `BumpStack`, `Status`, `StatusTableID`, `StatusDate`) VALUES
(1, '2015-04-08', 2, 2, NULL, 41500, NULL, NULL, 0, 1, '2015-04-08'),
(9, '2015-05-02', 2, 2, NULL, 41500, NULL, NULL, 0, 1, '2015-05-02'),
(10, '2015-04-11', 2, 2, NULL, 41500, NULL, NULL, 0, 1, '2015-04-11'),
(11, '2015-04-19', 2, 2, NULL, 41500, NULL, NULL, 0, 1, '0000-00-00'),
(12, '2015-05-07', 2, 2, NULL, 41500, NULL, NULL, 0, 1, '0000-00-00'),
(14, '2015-05-30', 2, 2, NULL, 41500, NULL, NULL, 0, 1, '0000-00-00'),
(15, '2015-06-13', 3, 2, NULL, 41500, NULL, NULL, 0, 1, '0000-00-00'),
(16, '2015-06-27', 3, 2, NULL, 41500, NULL, NULL, 0, 1, '0000-00-00'),
(17, '2015-07-03', 3, 2, NULL, 41500, NULL, NULL, 0, 1, '0000-00-00'),
(18, '2015-07-11', 3, 2, NULL, 41500, NULL, NULL, 0, 1, '0000-00-00'),
(19, '2015-08-01', 3, 2, NULL, 41500, NULL, NULL, 0, 1, '0000-00-00'),
(20, '2015-08-08', 3, 2, NULL, 41500, NULL, NULL, 0, 1, '0000-00-00'),
(21, '2015-08-15', 3, 1, NULL, 41500, NULL, NULL, 0, 1, '0000-00-00'),
(22, '2015-08-22', 3, 2, NULL, 41500, NULL, NULL, 0, 1, '0000-00-00'),
(23, '0000-00-00', 3, 2, NULL, 41500, NULL, NULL, 0, 1, '0000-00-00'),
(24, '2015-09-19', 2, 2, NULL, 41500, 5, NULL, 0, 1, '0000-00-00'),
(25, '2015-09-19', 2, 2, NULL, 41500, 5, NULL, 0, 1, '0000-00-00'),
(26, '2015-09-19', 3, 2, NULL, 41500, 5, 20000, 0, 1, '0000-00-00'),
(27, '2015-09-19', 2, 2, NULL, 41500, 5, 20000, 0, 1, '0000-00-00'),
(28, '2015-09-19', 3, 2, NULL, 41500, 5, 20000, 0, 1, '0000-00-00'),
(29, '0000-00-00', 3, 2, NULL, 41500, 5, 20000, 0, 1, '0000-00-00'),
(30, '2015-10-03', 3, 2, NULL, 41500, 5, 20000, 0, 1, '0000-00-00'),
(31, '2015-10-10', 3, 2, NULL, 41500, 5, 20000, 0, 1, '0000-00-00'),
(32, '2015-10-15', 3, 2, NULL, 41500, 5, 20000, 0, 1, '0000-00-00'),
(33, '2015-10-17', 3, 2, NULL, 41500, 5, 20000, 0, 1, '0000-00-00'),
(34, '2015-11-07', 3, 2, NULL, 41500, 5, 20000, 0, 1, '0000-00-00'),
(35, '2015-11-14', 3, 2, NULL, 41500, 5, 20000, 0, 1, '0000-00-00'),
(36, '2015-11-21', 3, 2, NULL, 41500, 5, 20000, 0, 1, '0000-00-00'),
(37, '2015-11-21', 2, 3, NULL, 31500, 0, 0, 0, 1, '0000-00-00'),
(38, '2015-11-22', 2, 2, NULL, 41500, 5, 20000, 0, 1, '0000-00-00'),
(39, '2015-11-27', 3, 2, NULL, 41500, 5, 20000, 0, 1, '0000-00-00'),
(40, '2015-11-28', 3, 2, NULL, 41500, 5, 20000, 0, 1, '0000-00-00'),
(41, '2015-12-04', 3, 2, NULL, 41500, 5, 20000, 0, 1, '0000-00-00'),
(42, '2015-12-05', 3, 2, NULL, 41500, 5, 20000, 0, 1, '0000-00-00'),
(43, '2015-12-11', 3, 2, NULL, 41500, 5, 20000, 0, 1, '0000-00-00'),
(44, '2015-12-19', 3, 2, NULL, 41500, 5, 20000, 0, 1, '0000-00-00'),
(46, '2015-12-26', 3, 4, NULL, 41500, 10, 20000, 0, 1, '0000-00-00'),
(47, '2015-12-31', 3, 2, NULL, 41500, 5, 20000, 0, 1, '0000-00-00'),
(48, '2016-01-09', 3, 2, NULL, 41500, 5, 20000, 0, 1, '0000-00-00'),
(49, '2016-01-16', 3, 2, NULL, 41500, 5, 20000, 0, 1, '0000-00-00'),
(50, '2016-01-23', 3, 2, NULL, 41500, 5, 20000, 0, 1, '0000-00-00'),
(51, '2016-01-30', 3, 2, NULL, 41500, 5, 20000, 0, 1, '0000-00-00'),
(52, '2016-02-06', 3, 2, NULL, 41500, 5, 20000, 0, 1, '0000-00-00'),
(53, '2016-02-07', 3, 2, NULL, 41500, 0, 0, 0, 1, '0000-00-00'),
(54, '2016-02-13', 3, 2, NULL, 41500, 5, 20000, 0, 1, '0000-00-00'),
(55, '2016-02-20', 3, 2, NULL, 41500, 5, 20000, 0, 1, '0000-00-00'),
(56, '2016-02-27', 3, 2, NULL, 41500, 5, 20000, 0, 1, '0000-00-00'),
(57, '2016-03-05', 3, 2, NULL, 41500, 5, 20000, 0, 1, '0000-00-00'),
(58, '2016-03-06', 3, 2, NULL, 41500, 5, 20000, 0, 1, '0000-00-00'),
(59, '2016-03-12', 3, 2, NULL, 41500, 5, 20000, 0, 1, '0000-00-00'),
(60, '2016-03-26', 3, 2, NULL, 41500, 5, 20000, 0, 1, '0000-00-00'),
(61, '2016-03-26', 3, 2, NULL, 41500, 5, 20000, 0, 1, '0000-00-00'),
(62, '2016-04-02', 3, 4, NULL, 41500, 10, 20000, 0, 1, '0000-00-00'),
(63, '2016-04-09', 3, 2, NULL, 41500, 5, 20000, 0, 1, '0000-00-00'),
(64, '2016-04-16', 3, 2, NULL, 41500, 5, 20000, 0, 1, '0000-00-00'),
(65, '2016-04-23', 3, 2, NULL, 41500, 5, 20000, 1, 1, '0000-00-00');

-- --------------------------------------------------------

--
-- Table structure for table `placings`
--

CREATE TABLE `placings` (
  `PlacingID` int(11) NOT NULL,
  `PlaceValue` int(11) DEFAULT NULL,
  `Code` varchar(50) CHARACTER SET utf8 NOT NULL,
  `Description` text NOT NULL,
  `Status` int(11) NOT NULL DEFAULT '1',
  `StatusTableID` int(11) NOT NULL DEFAULT '1',
  `StatusDate` date NOT NULL
) ENGINE=InnoDB AUTO_INCREMENT=26 DEFAULT CHARSET=latin1;

--
-- Dumping data for table `placings`
--

INSERT INTO `placings` (`PlacingID`, `PlaceValue`, `Code`, `Description`, `Status`, `StatusTableID`, `StatusDate`) VALUES
(1, 1, '1st', 'first place', 1, 1, '2015-04-06'),
(2, 2, '2nd', 'Second Place', 1, 1, '2015-04-06'),
(3, 3, '3rd', 'Third Place', 1, 1, '2015-04-06'),
(4, 4, '4th', 'Fourth Place', 1, 1, '2015-04-06'),
(5, 5, '5th', 'Fifth Place', 1, 1, '2015-04-06'),
(6, 6, '6th', 'Sixth Place', 1, 1, '2015-04-06'),
(7, NULL, 'CHOP2', 'Split pot between two people', 1, 1, '2015-04-06'),
(8, NULL, 'CHOP3', 'Split pot between three people', 1, 1, '2015-04-06'),
(9, NULL, 'CHOP4', 'Split pot between four people', 1, 1, '2015-04-06'),
(10, NULL, 'CHOP5', 'Split pot between five people', 1, 1, '2015-04-06'),
(11, NULL, 'CHOP6', 'Split pot between six people', 1, 1, '2015-04-06'),
(12, 7, '7th', 'Seventh Place', 1, 1, '2015-04-06'),
(13, 8, '8th', 'Eighth Place', 1, 1, '2015-04-06'),
(14, 9, '9th', 'Ninth Place', 1, 1, '2015-04-06'),
(15, 10, '10th', 'Tenth Place', 1, 1, '2015-04-06'),
(16, 11, '11th', 'Eleventh Place', 1, 1, '2015-04-06'),
(17, 12, '12th', 'Twelfth Place', 1, 1, '2015-04-06'),
(18, 13, '13th', 'Thirteenth Place', 1, 1, '2015-04-06'),
(19, 14, '14th', 'Fourteenth Place', 1, 1, '2015-04-06'),
(20, 15, '15th', 'Fifteenth Place', 1, 1, '2015-04-06'),
(21, 16, '16th', 'Sixteenth Place', 1, 1, '2015-04-06'),
(22, 17, '17th', 'Seventeenth Place', 1, 1, '2015-04-06'),
(23, 18, '18th', 'Eighteenth Place', 1, 1, '2015-04-06'),
(24, 19, '19th', 'Nineteenth Place', 1, 1, '2015-04-06'),
(25, 20, '20th', 'Twentieth Place', 1, 1, '2015-04-06');

-- --------------------------------------------------------

--
-- Table structure for table `playerplacings`
--

CREATE TABLE `playerplacings` (
  `PlayerPlacingID` int(11) NOT NULL,
  `GamePlayerID` int(11) NOT NULL,
  `PlacingID` int(11) NOT NULL,
  `PotWinnings` int(11) NOT NULL,
  `Status` int(11) NOT NULL DEFAULT '1',
  `StatusTableID` int(11) NOT NULL DEFAULT '1',
  `StatusDate` date NOT NULL
) ENGINE=InnoDB AUTO_INCREMENT=488 DEFAULT CHARSET=latin1;

--
-- Dumping data for table `playerplacings`
--

INSERT INTO `playerplacings` (`PlayerPlacingID`, `GamePlayerID`, `PlacingID`, `PotWinnings`, `Status`, `StatusTableID`, `StatusDate`) VALUES
(1, 23, 13, 0, 1, 1, '0000-00-00'),
(2, 24, 12, 0, 1, 1, '0000-00-00'),
(3, 29, 6, 0, 1, 1, '0000-00-00'),
(4, 27, 5, 0, 1, 1, '0000-00-00'),
(5, 22, 4, 0, 1, 1, '0000-00-00'),
(6, 28, 3, 30, 1, 1, '0000-00-00'),
(7, 26, 2, 30, 1, 1, '0000-00-00'),
(8, 25, 1, 40, 1, 1, '0000-00-00'),
(13, 2, 17, 0, 1, 1, '0000-00-00'),
(14, 10, 16, 0, 1, 1, '0000-00-00'),
(15, 12, 15, 0, 1, 1, '0000-00-00'),
(16, 3, 14, 0, 1, 1, '0000-00-00'),
(17, 6, 13, 0, 1, 1, '0000-00-00'),
(18, 8, 12, 0, 1, 1, '0000-00-00'),
(19, 11, 6, 0, 1, 1, '0000-00-00'),
(20, 7, 5, 0, 1, 1, '0000-00-00'),
(21, 9, 4, 0, 1, 1, '0000-00-00'),
(22, 4, 3, 10, 1, 1, '0000-00-00'),
(23, 5, 2, 35, 1, 1, '0000-00-00'),
(24, 1, 1, 85, 1, 1, '0000-00-00'),
(25, 38, 15, 0, 1, 1, '0000-00-00'),
(26, 35, 14, 0, 1, 1, '0000-00-00'),
(27, 36, 13, 0, 1, 1, '0000-00-00'),
(28, 33, 12, 0, 1, 1, '0000-00-00'),
(29, 31, 6, 0, 1, 1, '0000-00-00'),
(30, 37, 5, 0, 1, 1, '0000-00-00'),
(31, 32, 4, 0, 1, 1, '0000-00-00'),
(32, 39, 3, 10, 1, 1, '0000-00-00'),
(33, 30, 2, 55, 1, 1, '0000-00-00'),
(34, 34, 1, 55, 1, 1, '0000-00-00'),
(35, 43, 14, 0, 1, 1, '0000-00-00'),
(36, 45, 13, 0, 1, 1, '0000-00-00'),
(37, 48, 12, 0, 1, 1, '0000-00-00'),
(38, 46, 6, 0, 1, 1, '0000-00-00'),
(39, 41, 5, 0, 1, 1, '0000-00-00'),
(40, 44, 4, 0, 1, 1, '0000-00-00'),
(41, 40, 3, 10, 1, 1, '0000-00-00'),
(42, 47, 2, 45, 1, 1, '0000-00-00'),
(43, 42, 1, 45, 1, 1, '0000-00-00'),
(44, 49, 5, 0, 1, 1, '0000-00-00'),
(45, 50, 4, 0, 1, 1, '0000-00-00'),
(46, 53, 3, 0, 1, 1, '0000-00-00'),
(47, 52, 2, 0, 1, 1, '0000-00-00'),
(48, 51, 1, 0, 1, 1, '0000-00-00'),
(49, 92, 12, 0, 1, 1, '0000-00-00'),
(50, 93, 6, 0, 1, 1, '0000-00-00'),
(51, 94, 5, 0, 1, 1, '0000-00-00'),
(52, 95, 4, 0, 1, 1, '0000-00-00'),
(53, 91, 3, 0, 1, 1, '0000-00-00'),
(54, 97, 2, 0, 1, 1, '0000-00-00'),
(55, 96, 1, 0, 1, 1, '0000-00-00'),
(56, 103, 14, 0, 1, 1, '0000-00-00'),
(57, 106, 13, 0, 1, 1, '0000-00-00'),
(58, 105, 12, 0, 1, 1, '0000-00-00'),
(59, 104, 6, 0, 1, 1, '0000-00-00'),
(60, 100, 5, 0, 1, 1, '0000-00-00'),
(61, 101, 4, 0, 1, 1, '0000-00-00'),
(62, 114, 17, 0, 1, 1, '0000-00-00'),
(63, 115, 16, 0, 1, 1, '0000-00-00'),
(64, 111, 15, 0, 1, 1, '0000-00-00'),
(65, 113, 14, 0, 1, 1, '0000-00-00'),
(66, 108, 13, 0, 1, 1, '0000-00-00'),
(67, 110, 12, 0, 1, 1, '0000-00-00'),
(68, 112, 6, 0, 1, 1, '0000-00-00'),
(69, 109, 5, 0, 1, 1, '0000-00-00'),
(70, 107, 4, 0, 1, 1, '0000-00-00'),
(71, 117, 3, 0, 1, 1, '0000-00-00'),
(72, 118, 2, 0, 1, 1, '0000-00-00'),
(73, 116, 1, 0, 1, 1, '0000-00-00'),
(74, 128, 16, 0, 1, 1, '0000-00-00'),
(75, 124, 15, 0, 1, 1, '0000-00-00'),
(76, 127, 14, 0, 1, 1, '0000-00-00'),
(77, 122, 13, 0, 1, 1, '0000-00-00'),
(78, 125, 12, 0, 1, 1, '0000-00-00'),
(79, 126, 6, 0, 1, 1, '0000-00-00'),
(80, 120, 5, 0, 1, 1, '0000-00-00'),
(81, 129, 4, 0, 1, 1, '0000-00-00'),
(82, 121, 3, 0, 1, 1, '0000-00-00'),
(83, 123, 2, 0, 1, 1, '0000-00-00'),
(84, 119, 1, 0, 1, 1, '0000-00-00'),
(85, 135, 13, 0, 1, 1, '0000-00-00'),
(86, 133, 12, 0, 1, 1, '0000-00-00'),
(87, 136, 6, 0, 1, 1, '0000-00-00'),
(88, 134, 5, 0, 1, 1, '0000-00-00'),
(89, 137, 4, 0, 1, 1, '0000-00-00'),
(90, 130, 3, 0, 1, 1, '0000-00-00'),
(91, 132, 2, 0, 1, 1, '0000-00-00'),
(92, 131, 1, 0, 1, 1, '0000-00-00'),
(93, 144, 15, 0, 1, 1, '0000-00-00'),
(94, 141, 14, 0, 1, 1, '0000-00-00'),
(95, 143, 13, 0, 1, 1, '0000-00-00'),
(96, 139, 12, 0, 1, 1, '0000-00-00'),
(97, 142, 6, 0, 1, 1, '0000-00-00'),
(98, 146, 5, 0, 1, 1, '0000-00-00'),
(99, 145, 4, 0, 1, 1, '0000-00-00'),
(100, 138, 3, 0, 1, 1, '0000-00-00'),
(101, 147, 2, 0, 1, 1, '0000-00-00'),
(102, 140, 1, 0, 1, 1, '0000-00-00'),
(103, 157, 16, 0, 1, 1, '0000-00-00'),
(104, 148, 15, 0, 1, 1, '0000-00-00'),
(105, 156, 14, 0, 1, 1, '0000-00-00'),
(106, 154, 13, 0, 1, 1, '0000-00-00'),
(107, 158, 12, 0, 1, 1, '0000-00-00'),
(108, 153, 6, 0, 1, 1, '0000-00-00'),
(109, 155, 5, 0, 1, 1, '0000-00-00'),
(110, 151, 4, 0, 1, 1, '0000-00-00'),
(111, 149, 3, 0, 1, 1, '0000-00-00'),
(112, 152, 2, 0, 1, 1, '0000-00-00'),
(113, 150, 1, 0, 1, 1, '0000-00-00'),
(114, 171, 18, 0, 1, 1, '0000-00-00'),
(115, 165, 17, 0, 1, 1, '0000-00-00'),
(116, 167, 16, 0, 1, 1, '0000-00-00'),
(117, 166, 15, 0, 1, 1, '0000-00-00'),
(118, 168, 14, 0, 1, 1, '0000-00-00'),
(119, 159, 13, 0, 1, 1, '0000-00-00'),
(120, 162, 12, 0, 1, 1, '0000-00-00'),
(121, 170, 6, 0, 1, 1, '0000-00-00'),
(122, 164, 5, 0, 1, 1, '0000-00-00'),
(123, 163, 4, 0, 1, 1, '0000-00-00'),
(124, 161, 3, 0, 1, 1, '0000-00-00'),
(125, 160, 2, 0, 1, 1, '0000-00-00'),
(126, 169, 1, 0, 1, 1, '0000-00-00'),
(127, 180, 17, 0, 1, 1, '0000-00-00'),
(128, 179, 16, 0, 1, 1, '0000-00-00'),
(129, 177, 15, 0, 1, 1, '0000-00-00'),
(130, 172, 14, 0, 1, 1, '0000-00-00'),
(131, 176, 13, 0, 1, 1, '0000-00-00'),
(132, 175, 12, 0, 1, 1, '0000-00-00'),
(133, 183, 6, 0, 1, 1, '0000-00-00'),
(134, 173, 5, 0, 1, 1, '0000-00-00'),
(135, 174, 4, 0, 1, 1, '0000-00-00'),
(136, 181, 3, 0, 1, 1, '0000-00-00'),
(137, 182, 2, 0, 1, 1, '0000-00-00'),
(138, 178, 1, 0, 1, 1, '0000-00-00'),
(139, 187, 12, 0, 1, 1, '0000-00-00'),
(140, 190, 6, 0, 1, 1, '0000-00-00'),
(141, 185, 5, 0, 1, 1, '0000-00-00'),
(142, 186, 4, 0, 1, 1, '0000-00-00'),
(143, 188, 3, 0, 1, 1, '0000-00-00'),
(144, 184, 2, 0, 1, 1, '0000-00-00'),
(145, 219, 14, 0, 1, 1, '0000-00-00'),
(146, 223, 13, 0, 1, 1, '0000-00-00'),
(147, 225, 12, 0, 1, 1, '0000-00-00'),
(148, 218, 6, 0, 1, 1, '0000-00-00'),
(149, 217, 5, 0, 1, 1, '0000-00-00'),
(150, 222, 4, 0, 1, 1, '0000-00-00'),
(151, 224, 3, 0, 1, 1, '0000-00-00'),
(152, 229, 20, 0, 1, 1, '0000-00-00'),
(153, 238, 19, 0, 1, 1, '0000-00-00'),
(154, 227, 18, 0, 1, 1, '0000-00-00'),
(155, 226, 17, 0, 1, 1, '0000-00-00'),
(156, 232, 16, 0, 1, 1, '0000-00-00'),
(157, 236, 15, 0, 1, 1, '0000-00-00'),
(158, 237, 14, 0, 1, 1, '0000-00-00'),
(159, 234, 13, 0, 1, 1, '0000-00-00'),
(160, 235, 12, 0, 1, 1, '0000-00-00'),
(161, 230, 6, 0, 1, 1, '0000-00-00'),
(162, 239, 5, 0, 1, 1, '0000-00-00'),
(163, 231, 4, 0, 1, 1, '0000-00-00'),
(164, 228, 3, 0, 1, 1, '0000-00-00'),
(165, 240, 2, 0, 1, 1, '0000-00-00'),
(166, 233, 1, 0, 1, 1, '0000-00-00'),
(167, 254, 21, 0, 1, 1, '0000-00-00'),
(168, 252, 20, 0, 1, 1, '0000-00-00'),
(169, 255, 19, 0, 1, 1, '0000-00-00'),
(170, 256, 18, 0, 1, 1, '0000-00-00'),
(171, 247, 17, 0, 1, 1, '0000-00-00'),
(172, 253, 16, 0, 1, 1, '0000-00-00'),
(173, 242, 15, 0, 1, 1, '0000-00-00'),
(174, 245, 14, 0, 1, 1, '0000-00-00'),
(175, 244, 13, 0, 1, 1, '0000-00-00'),
(176, 248, 12, 0, 1, 1, '0000-00-00'),
(177, 243, 6, 0, 1, 1, '0000-00-00'),
(178, 241, 5, 0, 1, 1, '0000-00-00'),
(179, 249, 4, 0, 1, 1, '0000-00-00'),
(180, 250, 3, 0, 1, 1, '0000-00-00'),
(181, 251, 2, 0, 1, 1, '0000-00-00'),
(182, 246, 1, 0, 1, 1, '0000-00-00'),
(183, 265, 17, 0, 1, 1, '0000-00-00'),
(184, 259, 16, 0, 1, 1, '0000-00-00'),
(185, 268, 15, 0, 1, 1, '0000-00-00'),
(186, 262, 14, 0, 1, 1, '0000-00-00'),
(187, 266, 13, 0, 1, 1, '0000-00-00'),
(188, 261, 12, 0, 1, 1, '0000-00-00'),
(189, 263, 6, 0, 1, 1, '0000-00-00'),
(190, 267, 5, 0, 1, 1, '0000-00-00'),
(191, 264, 4, 0, 1, 1, '0000-00-00'),
(192, 258, 3, 0, 1, 1, '0000-00-00'),
(193, 260, 2, 0, 1, 1, '0000-00-00'),
(194, 257, 1, 0, 1, 1, '0000-00-00'),
(195, 288, 18, 0, 1, 1, '0000-00-00'),
(196, 284, 17, 0, 1, 1, '0000-00-00'),
(197, 285, 16, 0, 1, 1, '0000-00-00'),
(198, 290, 15, 0, 1, 1, '0000-00-00'),
(199, 286, 14, 0, 1, 1, '0000-00-00'),
(200, 280, 13, 0, 1, 1, '0000-00-00'),
(201, 283, 12, 0, 1, 1, '0000-00-00'),
(202, 282, 6, 0, 1, 1, '0000-00-00'),
(203, 289, 5, 0, 1, 1, '0000-00-00'),
(204, 287, 4, 0, 1, 1, '0000-00-00'),
(205, 278, 3, 0, 1, 1, '0000-00-00'),
(206, 281, 2, 0, 1, 1, '0000-00-00'),
(207, 279, 1, 0, 1, 1, '0000-00-00'),
(208, 296, 25, 0, 1, 1, '0000-00-00'),
(209, 299, 24, 0, 1, 1, '0000-00-00'),
(210, 294, 23, 0, 1, 1, '0000-00-00'),
(211, 298, 22, 0, 1, 1, '0000-00-00'),
(212, 293, 21, 0, 1, 1, '0000-00-00'),
(213, 301, 20, 0, 1, 1, '0000-00-00'),
(214, 303, 19, 0, 1, 1, '0000-00-00'),
(215, 309, 18, 0, 1, 1, '0000-00-00'),
(216, 305, 17, 0, 1, 1, '0000-00-00'),
(217, 291, 16, 0, 1, 1, '0000-00-00'),
(218, 295, 15, 0, 1, 1, '0000-00-00'),
(219, 300, 14, 0, 1, 1, '0000-00-00'),
(220, 304, 13, 0, 1, 1, '0000-00-00'),
(221, 302, 12, 0, 1, 1, '0000-00-00'),
(222, 307, 6, 0, 1, 1, '0000-00-00'),
(223, 308, 5, 0, 1, 1, '0000-00-00'),
(224, 297, 4, 0, 1, 1, '0000-00-00'),
(225, 310, 3, 0, 1, 1, '0000-00-00'),
(226, 306, 2, 0, 1, 1, '0000-00-00'),
(227, 292, 1, 0, 1, 1, '0000-00-00'),
(228, 342, 12, 0, 1, 1, '0000-00-00'),
(229, 341, 6, 0, 1, 1, '0000-00-00'),
(230, 344, 5, 0, 1, 1, '0000-00-00'),
(231, 340, 4, 0, 1, 1, '0000-00-00'),
(232, 346, 3, 0, 1, 1, '0000-00-00'),
(233, 343, 2, 0, 1, 1, '0000-00-00'),
(234, 345, 1, 0, 1, 1, '0000-00-00'),
(235, 354, 15, 0, 1, 1, '0000-00-00'),
(236, 349, 14, 0, 1, 1, '0000-00-00'),
(237, 353, 13, 0, 1, 1, '0000-00-00'),
(238, 355, 12, 0, 1, 1, '0000-00-00'),
(239, 351, 6, 0, 1, 1, '0000-00-00'),
(240, 350, 5, 0, 1, 1, '0000-00-00'),
(241, 348, 4, 0, 1, 1, '0000-00-00'),
(242, 356, 3, 0, 1, 1, '0000-00-00'),
(243, 347, 2, 0, 1, 1, '0000-00-00'),
(244, 352, 1, 0, 1, 1, '0000-00-00'),
(246, 359, 12, 0, 1, 1, '0000-00-00'),
(247, 362, 6, 0, 1, 1, '0000-00-00'),
(248, 357, 5, 0, 1, 1, '0000-00-00'),
(249, 363, 4, 0, 1, 1, '0000-00-00'),
(250, 360, 3, 0, 1, 1, '0000-00-00'),
(251, 358, 2, 0, 1, 1, '0000-00-00'),
(252, 361, 1, 0, 1, 1, '0000-00-00'),
(253, 365, 14, 0, 1, 1, '0000-00-00'),
(254, 364, 13, 0, 1, 1, '0000-00-00'),
(255, 367, 12, 0, 1, 1, '0000-00-00'),
(256, 370, 6, 0, 1, 1, '0000-00-00'),
(257, 371, 5, 0, 1, 1, '0000-00-00'),
(258, 372, 4, 0, 1, 1, '0000-00-00'),
(259, 368, 3, 0, 1, 1, '0000-00-00'),
(260, 369, 2, 0, 1, 1, '0000-00-00'),
(261, 366, 1, 0, 1, 1, '0000-00-00'),
(262, 376, 5, 0, 1, 1, '0000-00-00'),
(263, 374, 4, 0, 1, 1, '0000-00-00'),
(264, 373, 3, 0, 1, 1, '0000-00-00'),
(265, 377, 2, 0, 1, 1, '0000-00-00'),
(266, 375, 1, 0, 1, 1, '0000-00-00'),
(267, 387, 17, 0, 1, 1, '0000-00-00'),
(268, 385, 16, 0, 1, 1, '0000-00-00'),
(269, 378, 15, 0, 1, 1, '0000-00-00'),
(270, 386, 14, 0, 1, 1, '0000-00-00'),
(271, 384, 13, 0, 1, 1, '0000-00-00'),
(272, 381, 12, 0, 1, 1, '0000-00-00'),
(273, 389, 6, 0, 1, 1, '0000-00-00'),
(274, 379, 5, 0, 1, 1, '0000-00-00'),
(275, 388, 4, 0, 1, 1, '0000-00-00'),
(276, 382, 3, 0, 1, 1, '0000-00-00'),
(277, 380, 2, 0, 1, 1, '0000-00-00'),
(278, 383, 1, 0, 1, 1, '0000-00-00'),
(279, 392, 13, 0, 1, 1, '0000-00-00'),
(280, 396, 12, 0, 1, 1, '0000-00-00'),
(281, 397, 6, 0, 1, 1, '0000-00-00'),
(282, 394, 5, 0, 1, 1, '0000-00-00'),
(283, 393, 4, 0, 1, 1, '0000-00-00'),
(284, 391, 3, 0, 1, 1, '0000-00-00'),
(285, 390, 2, 0, 1, 1, '0000-00-00'),
(286, 395, 1, 0, 1, 1, '0000-00-00'),
(287, 403, 13, 0, 1, 1, '0000-00-00'),
(288, 398, 12, 0, 1, 1, '0000-00-00'),
(289, 401, 6, 0, 1, 1, '0000-00-00'),
(290, 405, 5, 0, 1, 1, '0000-00-00'),
(291, 404, 4, 0, 1, 1, '0000-00-00'),
(292, 402, 3, 0, 1, 1, '0000-00-00'),
(293, 400, 2, 0, 1, 1, '0000-00-00'),
(294, 399, 1, 0, 1, 1, '0000-00-00'),
(295, 409, 16, 0, 1, 1, '0000-00-00'),
(296, 407, 15, 0, 1, 1, '0000-00-00'),
(297, 411, 14, 0, 1, 1, '0000-00-00'),
(298, 412, 13, 0, 1, 1, '0000-00-00'),
(299, 408, 12, 0, 1, 1, '0000-00-00'),
(300, 406, 6, 0, 1, 1, '0000-00-00'),
(301, 413, 5, 0, 1, 1, '0000-00-00'),
(302, 430, 19, 0, 1, 1, '0000-00-00'),
(303, 422, 18, 0, 1, 1, '0000-00-00'),
(304, 428, 17, 0, 1, 1, '0000-00-00'),
(305, 421, 16, 0, 1, 1, '0000-00-00'),
(306, 427, 15, 0, 1, 1, '0000-00-00'),
(307, 420, 14, 0, 1, 1, '0000-00-00'),
(308, 429, 13, 0, 1, 1, '0000-00-00'),
(309, 425, 12, 0, 1, 1, '0000-00-00'),
(310, 424, 6, 0, 1, 1, '0000-00-00'),
(311, 419, 5, 0, 1, 1, '0000-00-00'),
(312, 426, 4, 0, 1, 1, '0000-00-00'),
(313, 418, 3, 0, 1, 1, '0000-00-00'),
(314, 423, 2, 0, 1, 1, '0000-00-00'),
(315, 417, 1, 0, 1, 1, '0000-00-00'),
(320, 434, 17, 0, 1, 1, '0000-00-00'),
(321, 439, 16, 0, 1, 1, '0000-00-00'),
(322, 438, 15, 0, 1, 1, '0000-00-00'),
(323, 433, 14, 0, 1, 1, '0000-00-00'),
(324, 436, 13, 0, 1, 1, '0000-00-00'),
(325, 437, 12, 0, 1, 1, '0000-00-00'),
(326, 441, 6, 0, 1, 1, '0000-00-00'),
(327, 440, 5, 0, 1, 1, '0000-00-00'),
(328, 442, 4, 0, 1, 1, '0000-00-00'),
(329, 435, 3, 0, 1, 1, '0000-00-00'),
(330, 432, 2, 0, 1, 1, '0000-00-00'),
(331, 431, 1, 0, 1, 1, '0000-00-00'),
(332, 450, 14, 0, 1, 1, '0000-00-00'),
(333, 443, 13, 0, 1, 1, '0000-00-00'),
(334, 451, 12, 0, 1, 1, '0000-00-00'),
(335, 444, 6, 0, 1, 1, '0000-00-00'),
(336, 445, 5, 0, 1, 1, '0000-00-00'),
(337, 446, 4, 0, 1, 1, '0000-00-00'),
(338, 447, 3, 0, 1, 1, '0000-00-00'),
(339, 448, 2, 0, 1, 1, '0000-00-00'),
(340, 449, 1, 0, 1, 1, '0000-00-00'),
(341, 466, 21, 0, 1, 1, '0000-00-00'),
(342, 452, 22, 0, 1, 1, '0000-00-00'),
(343, 455, 20, 0, 1, 1, '0000-00-00'),
(344, 460, 19, 0, 1, 1, '0000-00-00'),
(345, 458, 18, 0, 1, 1, '0000-00-00'),
(346, 462, 17, 0, 1, 1, '0000-00-00'),
(347, 464, 16, 0, 1, 1, '0000-00-00'),
(348, 465, 15, 0, 1, 1, '0000-00-00'),
(349, 454, 14, 0, 1, 1, '0000-00-00'),
(350, 468, 13, 0, 1, 1, '0000-00-00'),
(351, 461, 12, 0, 1, 1, '0000-00-00'),
(352, 456, 6, 0, 1, 1, '0000-00-00'),
(353, 459, 5, 0, 1, 1, '0000-00-00'),
(354, 467, 4, 0, 1, 1, '0000-00-00'),
(355, 463, 3, 0, 1, 1, '0000-00-00'),
(356, 453, 2, 0, 1, 1, '0000-00-00'),
(357, 457, 1, 0, 1, 1, '0000-00-00'),
(358, 473, 12, 0, 1, 1, '0000-00-00'),
(359, 470, 6, 0, 1, 1, '0000-00-00'),
(362, 472, 3, 0, 1, 1, '0000-00-00'),
(363, 487, 21, 0, 1, 1, '0000-00-00'),
(364, 486, 20, 0, 1, 1, '0000-00-00'),
(365, 489, 19, 0, 1, 1, '0000-00-00'),
(366, 483, 18, 0, 1, 1, '0000-00-00'),
(367, 488, 17, 0, 1, 1, '0000-00-00'),
(368, 479, 16, 0, 1, 1, '0000-00-00'),
(369, 478, 15, 0, 1, 1, '0000-00-00'),
(370, 482, 14, 0, 1, 1, '0000-00-00'),
(371, 484, 13, 0, 1, 1, '0000-00-00'),
(372, 485, 12, 0, 1, 1, '0000-00-00'),
(373, 481, 6, 0, 1, 1, '0000-00-00'),
(374, 490, 5, 0, 1, 1, '0000-00-00'),
(375, 480, 4, 0, 1, 1, '0000-00-00'),
(376, 477, 3, 0, 1, 1, '0000-00-00'),
(377, 491, 2, 0, 1, 1, '0000-00-00'),
(378, 476, 1, 0, 1, 1, '0000-00-00'),
(379, 504, 18, 0, 1, 1, '0000-00-00'),
(380, 503, 17, 0, 1, 1, '0000-00-00'),
(381, 502, 16, 0, 1, 1, '0000-00-00'),
(382, 498, 15, 0, 1, 1, '0000-00-00'),
(383, 493, 14, 0, 1, 1, '0000-00-00'),
(384, 497, 13, 0, 1, 1, '0000-00-00'),
(385, 495, 12, 0, 1, 1, '0000-00-00'),
(386, 501, 6, 0, 1, 1, '0000-00-00'),
(387, 492, 5, 0, 1, 1, '0000-00-00'),
(388, 500, 4, 0, 1, 1, '0000-00-00'),
(389, 494, 3, 0, 1, 1, '0000-00-00'),
(390, 499, 2, 0, 1, 1, '0000-00-00'),
(391, 496, 1, 0, 1, 1, '0000-00-00'),
(392, 512, 17, 0, 1, 1, '0000-00-00'),
(393, 511, 16, 0, 1, 1, '0000-00-00'),
(394, 510, 15, 0, 1, 1, '0000-00-00'),
(395, 507, 14, 0, 1, 1, '0000-00-00'),
(396, 509, 13, 0, 1, 1, '0000-00-00'),
(397, 508, 12, 0, 1, 1, '0000-00-00'),
(398, 516, 6, 0, 1, 1, '0000-00-00'),
(399, 513, 5, 0, 1, 1, '0000-00-00'),
(400, 505, 4, 0, 1, 1, '0000-00-00'),
(401, 514, 3, 0, 1, 1, '0000-00-00'),
(402, 515, 2, 0, 1, 1, '0000-00-00'),
(403, 506, 1, 0, 1, 1, '0000-00-00'),
(404, 517, 18, 0, 1, 1, '0000-00-00'),
(405, 518, 17, 0, 1, 1, '0000-00-00'),
(406, 527, 16, 0, 1, 1, '0000-00-00'),
(407, 529, 15, 0, 1, 1, '0000-00-00'),
(408, 524, 14, 0, 1, 1, '0000-00-00'),
(409, 525, 13, 0, 1, 1, '0000-00-00'),
(410, 521, 12, 0, 1, 1, '0000-00-00'),
(411, 519, 6, 0, 1, 1, '0000-00-00'),
(412, 526, 5, 0, 1, 1, '0000-00-00'),
(413, 523, 4, 0, 1, 1, '0000-00-00'),
(414, 522, 3, 0, 1, 1, '0000-00-00'),
(415, 528, 2, 0, 1, 1, '0000-00-00'),
(416, 520, 1, 0, 1, 1, '0000-00-00'),
(417, 535, 14, 0, 1, 1, '0000-00-00'),
(418, 530, 13, 0, 1, 1, '0000-00-00'),
(419, 533, 12, 0, 1, 1, '0000-00-00'),
(420, 531, 6, 0, 1, 1, '0000-00-00'),
(421, 538, 5, 0, 1, 1, '0000-00-00'),
(422, 532, 4, 0, 1, 1, '0000-00-00'),
(423, 536, 3, 0, 1, 1, '0000-00-00'),
(424, 534, 2, 0, 1, 1, '0000-00-00'),
(425, 537, 1, 0, 1, 1, '0000-00-00'),
(426, 554, 19, 0, 1, 1, '0000-00-00'),
(427, 545, 18, 0, 1, 1, '0000-00-00'),
(428, 539, 17, 0, 1, 1, '0000-00-00'),
(429, 546, 16, 0, 1, 1, '0000-00-00'),
(430, 540, 15, 0, 1, 1, '0000-00-00'),
(431, 543, 14, 0, 1, 1, '0000-00-00'),
(432, 549, 13, 0, 1, 1, '0000-00-00'),
(433, 547, 12, 0, 1, 1, '0000-00-00'),
(434, 541, 6, 0, 1, 1, '0000-00-00'),
(435, 553, 5, 0, 1, 1, '0000-00-00'),
(436, 555, 4, 0, 1, 1, '0000-00-00'),
(437, 542, 3, 0, 1, 1, '0000-00-00'),
(438, 548, 2, 0, 1, 1, '0000-00-00'),
(439, 544, 1, 0, 1, 1, '0000-00-00'),
(442, 565, 20, 0, 1, 1, '0000-00-00'),
(443, 562, 19, 0, 1, 1, '0000-00-00'),
(444, 564, 18, 0, 1, 1, '0000-00-00'),
(445, 569, 17, 0, 1, 1, '0000-00-00'),
(446, 566, 16, 0, 1, 1, '0000-00-00'),
(447, 573, 15, 0, 1, 1, '0000-00-00'),
(448, 561, 14, 0, 1, 1, '0000-00-00'),
(449, 570, 13, 0, 1, 1, '0000-00-00'),
(450, 559, 12, 0, 1, 1, '0000-00-00'),
(451, 560, 6, 0, 1, 1, '0000-00-00'),
(452, 563, 5, 0, 1, 1, '0000-00-00'),
(453, 568, 4, 0, 1, 1, '0000-00-00'),
(454, 571, 3, 0, 1, 1, '0000-00-00'),
(455, 572, 2, 0, 1, 1, '0000-00-00'),
(456, 567, 1, 0, 1, 1, '0000-00-00'),
(457, 575, 22, 0, 1, 1, '0000-00-00'),
(458, 584, 21, 0, 1, 1, '0000-00-00'),
(459, 583, 20, 0, 1, 1, '0000-00-00'),
(460, 590, 19, 0, 1, 1, '0000-00-00'),
(461, 591, 18, 0, 1, 1, '0000-00-00'),
(462, 592, 17, 0, 1, 1, '0000-00-00'),
(463, 588, 16, 0, 1, 1, '0000-00-00'),
(464, 580, 15, 0, 1, 1, '0000-00-00'),
(465, 589, 14, 0, 1, 1, '0000-00-00'),
(466, 577, 13, 0, 1, 1, '0000-00-00'),
(467, 585, 12, 0, 1, 1, '0000-00-00'),
(468, 579, 6, 0, 1, 1, '0000-00-00'),
(469, 574, 5, 0, 1, 1, '0000-00-00'),
(470, 578, 4, 0, 1, 1, '0000-00-00'),
(471, 586, 3, 0, 1, 1, '0000-00-00'),
(472, 576, 2, 0, 1, 1, '0000-00-00'),
(473, 587, 1, 0, 1, 1, '0000-00-00'),
(474, 594, 16, 0, 1, 1, '0000-00-00'),
(475, 598, 15, 0, 1, 1, '0000-00-00'),
(476, 596, 14, 0, 1, 1, '0000-00-00'),
(477, 599, 13, 0, 1, 1, '0000-00-00'),
(478, 600, 12, 0, 1, 1, '0000-00-00'),
(479, 601, 6, 0, 1, 1, '0000-00-00'),
(480, 597, 5, 0, 1, 1, '0000-00-00'),
(481, 602, 4, 0, 1, 1, '0000-00-00'),
(482, 593, 3, 0, 1, 1, '0000-00-00'),
(483, 603, 2, 0, 1, 1, '0000-00-00'),
(484, 595, 1, 0, 1, 1, '0000-00-00'),
(485, 605, 16, 0, 1, 1, '0000-00-00'),
(486, 626, 21, 0, 1, 1, '0000-00-00'),
(487, 626, 20, 0, 1, 1, '0000-00-00');

-- --------------------------------------------------------

--
-- Table structure for table `players`
--

CREATE TABLE `players` (
  `PlayerID` int(11) NOT NULL,
  `FirstName` varchar(200) NOT NULL,
  `LastName` varchar(200) DEFAULT NULL,
  `Phone` varchar(10) DEFAULT NULL,
  `FacebookLink` text,
  `Email` varchar(200) DEFAULT NULL,
  `ImageFilename` text,
  `Status` int(11) NOT NULL DEFAULT '1',
  `StatusTableID` int(11) NOT NULL DEFAULT '1',
  `StatusDate` date NOT NULL
) ENGINE=InnoDB AUTO_INCREMENT=94 DEFAULT CHARSET=latin1;

--
-- Dumping data for table `players`
--

INSERT INTO `players` (`PlayerID`, `FirstName`, `LastName`, `Phone`, `FacebookLink`, `Email`, `ImageFilename`, `Status`, `StatusTableID`, `StatusDate`) VALUES
(1, 'Jake', 'Henry', '2532283416', 'https://www.facebook.com/jake.henry.319', 'amadday@hotmail.com', NULL, 1, 1, '2015-04-06'),
(2, 'Jaime', 'Broseman', '2533507428', 'https://www.facebook.com/jaime.broseman', 'jbroseman@gmail.com', NULL, 1, 1, '2015-04-06'),
(3, 'Sara', 'Henry', NULL, NULL, NULL, NULL, 1, 1, '2015-04-11'),
(4, 'Pappers', 'Henry', NULL, NULL, NULL, NULL, 1, 1, '2015-04-11'),
(5, 'Scooter', 'Stephenson', NULL, NULL, NULL, NULL, 1, 1, '2015-04-11'),
(6, 'Timber', 'Fehrenbach', NULL, NULL, NULL, NULL, 1, 1, '2015-04-11'),
(7, 'Shelley', NULL, NULL, NULL, NULL, NULL, 1, 1, '2015-04-11'),
(8, 'Guy', NULL, NULL, NULL, NULL, NULL, 1, 1, '2015-04-11'),
(9, 'Lee', NULL, NULL, NULL, NULL, NULL, 1, 1, '2015-04-11'),
(10, 'Bjorn', NULL, NULL, NULL, NULL, NULL, 1, 1, '2015-04-11'),
(11, 'Mountain', NULL, NULL, NULL, NULL, NULL, 1, 1, '2015-04-11'),
(12, 'Miker', 'Oshea', NULL, NULL, NULL, NULL, 1, 1, '2015-04-11'),
(19, 'Matt', 'Tucker', '', NULL, '', NULL, 1, 1, '0000-00-00'),
(20, 'Jeff', '', '', NULL, '', NULL, 1, 1, '0000-00-00'),
(21, 'Mikey', '', '', NULL, '', NULL, 1, 1, '0000-00-00'),
(22, 'Kris', '', '', NULL, '', NULL, 1, 1, '0000-00-00'),
(23, 'Rachelle', '', '', NULL, '', NULL, 1, 1, '0000-00-00'),
(25, 'Carl', 'Sacha', '', NULL, '', NULL, 1, 1, '0000-00-00'),
(26, 'Turd ', 'Ferguson', '', NULL, '', NULL, 1, 1, '0000-00-00'),
(27, 'Leon', 'Apgar', '', NULL, '', NULL, 1, 1, '0000-00-00'),
(28, 'Keoni', '', '', NULL, '', NULL, 1, 1, '0000-00-00'),
(29, 'Kristine', 'minzey', '', NULL, '', NULL, 1, 1, '0000-00-00'),
(30, 'April', 'Gauthier', '', NULL, '', NULL, 1, 1, '0000-00-00'),
(31, 'Adam', 'Huddleston', '', NULL, '', NULL, 1, 1, '0000-00-00'),
(32, 'Chad', 'Sacha', '', NULL, '', NULL, 1, 1, '0000-00-00'),
(33, 'Nater', 'Lenzinger', '', NULL, '', NULL, 1, 1, '0000-00-00'),
(34, 'Jaimee', 'Lenzinger', '', NULL, '', NULL, 1, 1, '0000-00-00'),
(35, 'Captain', 'Ron', '', NULL, '', NULL, 1, 1, '0000-00-00'),
(36, 'Floyd', '', '', NULL, '', NULL, 1, 1, '0000-00-00'),
(37, 'Miranda', 'Piren', '', NULL, '', NULL, 1, 1, '0000-00-00'),
(38, 'Travis', 'Buckmaster', '', NULL, '', NULL, 1, 1, '0000-00-00'),
(39, 'Jamie (kieth stone)', '', '', NULL, '', NULL, 1, 1, '0000-00-00'),
(40, 'Nikki', 'Carson, Realtor ', '', NULL, '', NULL, 1, 1, '0000-00-00'),
(41, 'Jon', 'Boo', '', NULL, '', NULL, 1, 1, '0000-00-00'),
(42, 'Les', 'Steward', '', NULL, '', NULL, 1, 1, '0000-00-00'),
(43, 'lisa', '', '', NULL, '', NULL, 1, 1, '0000-00-00'),
(44, 'Jordan', '', '', NULL, '', NULL, 1, 1, '0000-00-00'),
(45, 'ShitBird', '', '', NULL, '', NULL, 1, 1, '0000-00-00'),
(46, 'Frank', 'Banes', '', NULL, '', NULL, 1, 1, '0000-00-00'),
(47, 'Marcel', '', '', NULL, '', NULL, 1, 1, '0000-00-00'),
(48, 'katy', '', '', NULL, '', NULL, 1, 1, '0000-00-00'),
(49, 'kevin', '', '', NULL, '', NULL, 1, 1, '0000-00-00'),
(51, 'Aubrey', '', '', NULL, '', NULL, 1, 1, '0000-00-00'),
(52, 'Ernie', '', '', NULL, '', NULL, 1, 1, '0000-00-00'),
(53, 'Adam', '', '', NULL, '', NULL, 1, 1, '0000-00-00'),
(54, 'DJ', '', '', NULL, '', NULL, 1, 1, '0000-00-00'),
(55, 'Mylene', '', '', NULL, '', NULL, 1, 1, '0000-00-00'),
(56, 'Vincent', 'Vader', '', NULL, '', NULL, 1, 1, '0000-00-00'),
(57, 'Bipin', '', '', NULL, '', NULL, 1, 1, '0000-00-00'),
(58, 'Zack ', 'Myers', '', NULL, '', NULL, 1, 1, '0000-00-00'),
(59, 'Flo', '', '', NULL, '', NULL, 1, 1, '0000-00-00'),
(60, 'MJ', '', '', NULL, '', NULL, 1, 1, '0000-00-00'),
(61, 'Mildred', '', '', NULL, '', NULL, 1, 1, '0000-00-00'),
(62, 'Mike', 'Myers', '', NULL, '', NULL, 1, 1, '0000-00-00'),
(63, 'Misty', 'Romero', '', NULL, '', NULL, 1, 1, '0000-00-00'),
(64, 'Liz', '', '', NULL, '', NULL, 1, 1, '0000-00-00'),
(65, 'Yager', '', '', NULL, '', NULL, 1, 1, '0000-00-00'),
(66, 'Erica', 'Sacha', '', NULL, '', NULL, 1, 1, '0000-00-00'),
(67, 'Chris', 'Go Hawks!!', '', NULL, '', NULL, 1, 1, '0000-00-00'),
(68, 'Walt', '', '', NULL, '', NULL, 1, 1, '0000-00-00'),
(69, 'Jordan', 'Bakken', '', NULL, '', NULL, 1, 1, '0000-00-00'),
(71, 'Ben', '', '', NULL, '', NULL, 1, 1, '0000-00-00'),
(72, 'andy', '', '', NULL, '', NULL, 1, 1, '0000-00-00'),
(73, 'rudy', '', '', NULL, '', NULL, 1, 1, '0000-00-00'),
(74, 'Craig', 'Baldwin', '', NULL, '', NULL, 1, 1, '0000-00-00'),
(75, 'Brandon', 'Wakefield', '', NULL, '', NULL, 1, 1, '0000-00-00'),
(76, 'Mike', 'Post', '', NULL, '', NULL, 1, 1, '0000-00-00'),
(77, 'Dan', 'Smith', '', NULL, '', NULL, 1, 1, '0000-00-00'),
(78, 'Gina', '', '', NULL, '', NULL, 1, 1, '0000-00-00'),
(79, 'Yani', '', '', NULL, '', NULL, 1, 1, '0000-00-00'),
(80, 'Minjee', '', '', NULL, '', NULL, 1, 1, '0000-00-00'),
(81, 'Sam', '', '', NULL, '', NULL, 1, 1, '0000-00-00'),
(82, 'Janice', 'Post', '', NULL, '', NULL, 1, 1, '0000-00-00'),
(83, 'Becky', '', '', NULL, '', NULL, 1, 1, '0000-00-00'),
(84, 'David', 'Jones', '', NULL, '', NULL, 1, 1, '0000-00-00'),
(85, 'Sean', '', '', NULL, '', NULL, 1, 1, '0000-00-00'),
(89, 'Roy', '', '', NULL, '', NULL, 1, 1, '0000-00-00'),
(90, 'Josh', 'Shanahan', '', NULL, '', NULL, 1, 1, '0000-00-00'),
(91, 'Nathan ', 'Yates ', '', NULL, '', NULL, 1, 1, '0000-00-00'),
(92, 'Bobby', 'Frierson', '', NULL, '', NULL, 1, 1, '0000-00-00'),
(93, 'Curt', 'Wakefield', '', NULL, '', NULL, 1, 1, '0000-00-00');

-- --------------------------------------------------------

--
-- Table structure for table `status`
--

CREATE TABLE `status` (
  `StatusID` int(11) NOT NULL,
  `StatusTableID` int(11) NOT NULL,
  `Description` varchar(200) NOT NULL,
  `StatusInt` int(11) NOT NULL
) ENGINE=InnoDB AUTO_INCREMENT=10 DEFAULT CHARSET=latin1;

--
-- Dumping data for table `status`
--

INSERT INTO `status` (`StatusID`, `StatusTableID`, `Description`, `StatusInt`) VALUES
(1, 1, 'Active', 1),
(2, 3, 'Pending', 0),
(3, 3, 'In Progress', 1),
(4, 3, 'Finished', 2),
(5, 1, 'Active', 1),
(6, 4, 'No Contact', 0),
(7, 4, 'Phone Only', 1),
(8, 4, 'Facebook Only', 2),
(9, 4, 'Any Contact', 3);

-- --------------------------------------------------------

--
-- Table structure for table `statustable`
--

CREATE TABLE `statustable` (
  `StatusTableID` int(11) NOT NULL,
  `TableName` varchar(100) NOT NULL DEFAULT 'Default',
  `Status` int(11) NOT NULL DEFAULT '1',
  `StatusDate` date NOT NULL
) ENGINE=InnoDB AUTO_INCREMENT=5 DEFAULT CHARSET=latin1;

--
-- Dumping data for table `statustable`
--

INSERT INTO `statustable` (`StatusTableID`, `TableName`, `Status`, `StatusDate`) VALUES
(1, 'Default', 1, '2015-04-06'),
(3, 'Games', 1, '2015-04-06'),
(4, 'players', 1, '2015-04-06');

-- --------------------------------------------------------

--
-- Table structure for table `timervalues`
--

CREATE TABLE `timervalues` (
  `TimerValueID` int(11) NOT NULL,
  `GameID` int(11) NOT NULL,
  `Minutes` int(2) NOT NULL,
  `Seconds` int(2) NOT NULL,
  `Status` int(11) NOT NULL DEFAULT '1',
  `StatusDate` date NOT NULL,
  `StatusTableID` int(11) NOT NULL
) ENGINE=InnoDB AUTO_INCREMENT=2631 DEFAULT CHARSET=latin1;



--
-- Indexes for dumped tables
--

--
-- Indexes for table `blindincrement`
--
ALTER TABLE `blindincrement`
  ADD PRIMARY KEY (`BlindIncrementID`);

--
-- Indexes for table `blinds`
--
ALTER TABLE `blinds`
  ADD PRIMARY KEY (`BlindID`);

--
-- Indexes for table `buyins`
--
ALTER TABLE `buyins`
  ADD PRIMARY KEY (`BuyinID`);

--
-- Indexes for table `chips`
--
ALTER TABLE `chips`
  ADD PRIMARY KEY (`ChipID`);

--
-- Indexes for table `completedblinds`
--
ALTER TABLE `completedblinds`
  ADD PRIMARY KEY (`CompletedBlindID`);

--
-- Indexes for table `gamebounties`
--
ALTER TABLE `gamebounties`
  ADD PRIMARY KEY (`GameBountyID`);

--
-- Indexes for table `gamepayouts`
--
ALTER TABLE `gamepayouts`
  ADD PRIMARY KEY (`GamePayoutID`);

--
-- Indexes for table `gameplayerbuyin`
--
ALTER TABLE `gameplayerbuyin`
  ADD PRIMARY KEY (`GamePlayerBuyinID`);

--
-- Indexes for table `gameplayers`
--
ALTER TABLE `gameplayers`
  ADD PRIMARY KEY (`GamePlayerID`);

--
-- Indexes for table `games`
--
ALTER TABLE `games`
  ADD PRIMARY KEY (`GameID`);

--
-- Indexes for table `placings`
--
ALTER TABLE `placings`
  ADD PRIMARY KEY (`PlacingID`);

--
-- Indexes for table `playerplacings`
--
ALTER TABLE `playerplacings`
  ADD PRIMARY KEY (`PlayerPlacingID`);

--
-- Indexes for table `players`
--
ALTER TABLE `players`
  ADD PRIMARY KEY (`PlayerID`);

--
-- Indexes for table `status`
--
ALTER TABLE `status`
  ADD PRIMARY KEY (`StatusID`);

--
-- Indexes for table `statustable`
--
ALTER TABLE `statustable`
  ADD PRIMARY KEY (`StatusTableID`);

--
-- Indexes for table `timervalues`
--
ALTER TABLE `timervalues`
  ADD PRIMARY KEY (`TimerValueID`);

--
-- AUTO_INCREMENT for dumped tables
--

--
-- AUTO_INCREMENT for table `blindincrement`
--
ALTER TABLE `blindincrement`
  MODIFY `BlindIncrementID` int(11) NOT NULL AUTO_INCREMENT,AUTO_INCREMENT=8;
--
-- AUTO_INCREMENT for table `blinds`
--
ALTER TABLE `blinds`
  MODIFY `BlindID` int(11) NOT NULL AUTO_INCREMENT,AUTO_INCREMENT=16;
--
-- AUTO_INCREMENT for table `buyins`
--
ALTER TABLE `buyins`
  MODIFY `BuyinID` int(11) NOT NULL AUTO_INCREMENT,AUTO_INCREMENT=5;
--
-- AUTO_INCREMENT for table `chips`
--
ALTER TABLE `chips`
  MODIFY `ChipID` int(11) NOT NULL AUTO_INCREMENT,AUTO_INCREMENT=8;
--
-- AUTO_INCREMENT for table `completedblinds`
--
ALTER TABLE `completedblinds`
  MODIFY `CompletedBlindID` int(11) NOT NULL AUTO_INCREMENT,AUTO_INCREMENT=723;
--
-- AUTO_INCREMENT for table `gamebounties`
--
ALTER TABLE `gamebounties`
  MODIFY `GameBountyID` int(11) NOT NULL AUTO_INCREMENT;
--
-- AUTO_INCREMENT for table `gamepayouts`
--
ALTER TABLE `gamepayouts`
  MODIFY `GamePayoutID` int(11) NOT NULL AUTO_INCREMENT;
--
-- AUTO_INCREMENT for table `gameplayerbuyin`
--
ALTER TABLE `gameplayerbuyin`
  MODIFY `GamePlayerBuyinID` int(11) NOT NULL AUTO_INCREMENT,AUTO_INCREMENT=1100;
--
-- AUTO_INCREMENT for table `gameplayers`
--
ALTER TABLE `gameplayers`
  MODIFY `GamePlayerID` int(11) NOT NULL AUTO_INCREMENT,AUTO_INCREMENT=633;
--
-- AUTO_INCREMENT for table `games`
--
ALTER TABLE `games`
  MODIFY `GameID` int(11) NOT NULL AUTO_INCREMENT,AUTO_INCREMENT=66;
--
-- AUTO_INCREMENT for table `placings`
--
ALTER TABLE `placings`
  MODIFY `PlacingID` int(11) NOT NULL AUTO_INCREMENT,AUTO_INCREMENT=26;
--
-- AUTO_INCREMENT for table `playerplacings`
--
ALTER TABLE `playerplacings`
  MODIFY `PlayerPlacingID` int(11) NOT NULL AUTO_INCREMENT,AUTO_INCREMENT=488;
--
-- AUTO_INCREMENT for table `players`
--
ALTER TABLE `players`
  MODIFY `PlayerID` int(11) NOT NULL AUTO_INCREMENT,AUTO_INCREMENT=94;
--
-- AUTO_INCREMENT for table `status`
--
ALTER TABLE `status`
  MODIFY `StatusID` int(11) NOT NULL AUTO_INCREMENT,AUTO_INCREMENT=10;
--
-- AUTO_INCREMENT for table `statustable`
--
ALTER TABLE `statustable`
  MODIFY `StatusTableID` int(11) NOT NULL AUTO_INCREMENT,AUTO_INCREMENT=5;
--
-- AUTO_INCREMENT for table `timervalues`
--
ALTER TABLE `timervalues`
  MODIFY `TimerValueID` int(11) NOT NULL AUTO_INCREMENT,AUTO_INCREMENT=2631;
/*!40101 SET CHARACTER_SET_CLIENT=@OLD_CHARACTER_SET_CLIENT */;
/*!40101 SET CHARACTER_SET_RESULTS=@OLD_CHARACTER_SET_RESULTS */;
/*!40101 SET COLLATION_CONNECTION=@OLD_COLLATION_CONNECTION */;
